review_code,restaurant_code,user_code,score,taste_level,price_level,service_level,content,menu
REV0000,RES0000,USR0000,4점,2.0,2.0,1.0,요즘 회전초밥집 정말 비싼데 여긴 가성비 갑이었어요! 위치는 조금 복잡한 곳에 있긴 하지만 가성비를 찾는다면 여기 강추합니다! 초밥이 어느 순간에는 같은 종류가 나오는 것처럼 느껴지긴 하지만 그래도 가성비로다가 다양하게 먹을 수 있습니다! 상태도 싱싱하고 저렴해서 그런지 혼밥으로 회전초밥 먹으려고 오시는 분들도 있더라구요! 저는 초밥을 먹을 때 롤 종류도 좋아하는데 여긴 롤이 많아서 좋았습니다~가끔 회전초밥 집 가면 자리 선점 잘못하면 먹고 싶은 거 나올때까지 한참을 기더려야 하는데 여긴 그런 거 없이 균일하게 잘 나왔던 것 같습니다!,회전초밥
REV0001,RES0000,USR0001,4점,1.0,2.0,2.0,한접시에 1500원이면 저렴해요 근데 맛도 생각보다 괜찮았어요! 엄청난 퀄리티는 아니지만 이 가격에 이정도면 훌륭해요~ 비싼 스시는 한개 작은건 두피스씩 있어요! 응대 아주 친절합니다,스시
REV0002,RES0000,USR0002,5점,2.0,2.0,2.0,"생일날 갔어요. 저녁시간 웨이팅있었지만 금방 자리에 앉았어요. 회전초밥 모든접시가 1500원이라 큰 기대 안했는데 진짜 맛있었어요!
일반 초밥집보다 훨씬! 재방문 의사 백퍼센트!",회전초밥 1500원
REV0003,RES0000,USR0003,5점,2.0,2.0,2.0,"모든접시 1,700원 이라는 가성비에 맛도 좋고 이런 굿굿!!","연어,장어"
REV0004,RES0000,USR0004,5점,2.0,2.0,2.0,1500원이라가성비좋아요 다양하게 먹을 수 있고 여러가지종류있어서 좋아요,회전초밥
REV0005,RES0000,USR0005,5점,2.0,2.0,2.0,무조건 1500원 가성비 좋아요 동생이랑 가서 29접시 먹고왔어요,"새우초밥,장어초밥,연어초밥"
REV0006,RES0000,USR0006,4점,1.0,2.0,2.0,"한 접시 1500원이고 접시당 1~2개의 초밥이 있어요
간단히 초밥 땡길때 방문하기 좋습니다","회전초밥,회덮밥"
REV0007,RES0000,USR0007,5점,2.0,2.0,2.0,"부담없이 여러가지를 골라서 먹을수있어서
넘 좋았어요~~",초밥
REV0008,RES0001,USR0008,5점,2.0,1.0,1.0,케이크와 까눌레가 아주 맛있습니다. 음료도 다양하게 팔고 있는데 취식자리가 없는것이 아쉽습니다.,"프레셔르,까눌레,페뜨드시뜨롱"
REV0009,RES0001,USR0009,5점,2.0,2.0,2.0,"전체적으로 기본에 충실한 디저트를 선보이는 곳
ㅇㅇㅇ 라는 디저트를 떠올렸을 때 딱 생각나는 맛을 구현해줌
이게 정말 어렵거든요
케이크류는 거의 다 먹어봤는데 정말 최고","이자벨소메,아이스아메리카노"
REV0010,RES0001,USR0010,5점,2.0,1.0,1.0,6년 연속 블루리본을 받고 있는 디저트카페. 일단 외관이나 내부 인테리어 및 디저트 디스플레이들을 보는 순간 마구마구 촬영욕구가 생김. 바닐라 커스터드 디저트인 생토로레를 먹었는데 인위적인 단맛이 아닌 진정한 바닐라 맛이 이런 맛이구나를 깨닫게해줌. 아인슈패너 역시 커피의 쌉쌀함과 크림의 달달함의 조화가 끝내줌. 창가에 앉아 망중한 즐기기에 최적인 곳!,아인슈페너
REV0011,RES0001,USR0000,4점,2.0,1.0,2.0,예뻐서 연남동에서 밥 먹고 디저트 먹으러 가기 좋은 카페에요! 조용한 편이구 사장님도 친절한 편이에요! 딸기라떼 맛있구 프리지에도 가격이 좀 나가긴 하지만 맛있어요!,"딸기라떼,프리지에"
REV0012,RES0001,USR0011,4점,2.0,1.0,1.0,"전문 파티쉐가 운영하고 전문 바리스타가 커피를 내리는 카페! 화이트톤 인테리어와 고대유럽을 연상케하는 블링블링한 소품과 분위기가 디저트 카페다운 멋을 더 살려주는 곳입니다. 화이트톤에 조명도 매우 밝은 편이어서 눈이 아플 수 있어요. 테라스는 아니지만 창가쪽을 예쁘게 꾸며놓아서 곳곳이 사진찍기 좋은 스팟입니다!음료는 아메리카노와 프란치 스카너를 선택했습니다. 원두향이 일단 정말 좋네요. 바리스타가 아주 꼼꼼하게 원두 선별 작업을 한다고 들었는데 바디감도 그렇고 고소한 정도, 탄 향 없는 것 등등 전반적으로 아주 좋았어요. 
다양한 제조음료가 많아서 하나 선택해서 먹어보고 싶었는데 에스프레소에 크림을 올려 만들었다는 프란치 스카너는 한번도 먹어보지 못한 커피라서 선택했습니다. 사진과 자세한 설명이 있어서 좋았어요. 프란치 스카너는 아주 달달하고 브라운 슈가 때문인지 초콜렛 베이스 원두를 쓰는지 모르겠으나 초코맛이 느껴졌어요. 당 떨어져서 달달한 음료 마시고 싶을 때 드시는 걸 추천합니다.전문 파티쉐가 운영하기 때문에 디저트 한번 드셔보시는 것도 추천드려요. 블루리본 마크를 2번이나 받은 디저트 맛집이라고 합니다.화장실이 문 밖에 바로 앞에 있는데 공용으로 되어 있어요. 화장실까지 인테리어 공을 들여서 내부는 매우 깨끗하고 고급스럽게 꾸며져 있어요.","아메리카노,프란치스카너"
REV0013,RES0001,USR0012,5점,2.0,2.0,2.0,연남동의 유명한 디저트 맛집. 하나하나 정성이 들어가 있고 좋은 재료들로만 사용한 게 느껴져요~ 재방문의사 100%,"샤케라또,바닐라라떼,프레지에,가토 오 쇼콜라"
REV0014,RES0001,USR0013,3점,1.0,0.0,1.0,"참 예쁜 카페다.
들어가자마자 예쁘다 라는 느낌으로 시작하고, 주문 할 때 쇼케이스에 보이는 마카롱과 케잌을 보고 있으면 주문을 하지 않을수 없는 에쁜 비쥬얼에 홀린 듯 주문한다.커피와 케잌을 시킨 후 자리에 앉으면 서버가 자리로 가져다 주신다.아담하고 예쁜 케잌에 기대를 부풀고 포크로 한입 떠 먹는 순간 뇌리를 스치는 생각.
멋에서 시작해 멋에서 끝나는 맛.
비쥬얼에 압도당해 맛은 멋을 따라가지 못한다. 가격은 1개당 5-6후반대이며 인스타용 사진확보를 위한다면 시키시라.
맛이 없진 않지만 쳐다보는게 더 만족감이 큰 케잌이었다.아메리카노는 산미가 많은 편이었고
이자벨소메는 크림이 묵직하고 부드러웠으며 달달하고 고소하니 맛있었으나
각얼음을 커피안에 넣지말고 쉐이커로 흔들어 차갑게 제공했으면 좋겠다.
얼음이 크림맛을 방해하는 느낌.분위기나 사진찍는 것을 좋아한다면 만족하리라 생각하는 곳.","아메리카노,프란치스카너,이자벨소메"
REV0015,RES0001,USR0014,4점,2.0,1.0,2.0,"-서비스-친절합니다. 고급 레스토랑 친절함+진심에서 나오는 성의1인 1음료가 필수입니다. 사람도 많이 없던데 꼭 그래야하나 싶습니다.-가성비-이런 카페에서 가성비를 기대하면 안되나 봅니다.-음식-이자벨소메: 외관상으론 눈덩이가 연상됩니다. 눈덩이 느낌은 아니고 눈의 여왕? 눈의 여왕이 먹는 디저트가 이런 느낌이 아닐까 싶습니다..아메리카노: 유일하게 가성비가 괜찮았던 메뉴. 커피 잘 못마시는데 너무   쓰지도 않고 괜찮았습니다. 양도 많았습니다.프레지에: 위에 크림과 아래 시트, 가운데 딸기가 조화롭게 어울어졌습니다. 꿈빛 파티시엘이 생각났습니다.다 짱 맛있었습니다. 가격이 살인적이라 그렇지..-분위기-인테리어 압권입니다. 분위기로 이미 절반 먹고갑니다.-총평-...더보기","이자벨라,프레지에,아메리카노"
REV0016,RES0001,USR0015,5점,2.0,2.0,2.0,"경의선 숲길에서 연남동 쪽으로 가다보면 골목길 2층에 있는 카페로
여자들이 좋아할만한 디저트들과 음료 그리고 예쁜 인테리어로 인기 많은 카페다
디저트는 강남의 유명한 디저트 카페에서나 만나 볼 수 있는 수준 높은 디자인과 맛으로 많은 손님들의 눈길을 사로 잡는다
음료들은 최근에 유행하는 음료들은 모두 갖추어 있어 선택의 폭이 다양하다
또한 수제 청(시럽)을 이용해 건강한 단맛이 나는 음료까지 제공하고 있어 남녀노소 누구에게나 많은 사랑을 받고 있다
한국을 방문한 외국인 관광객들 사이에서도 입소문이 났는지 평일 오후에 다양한 언어가 들렸다
카페는 골목길 어귀에 위치하여 주차장이 따로 없어 대중교통을 이용하여 방문하는 것을 추천한다","레몬그레스,뱅쇼,몽블랑"
REV0017,RES0001,USR0016,5점,2.0,1.0,2.0,케잌은 고급스럽고 맛있었어요. 마카롱은 가격대비 쏘쏘…,프레지에
REV0018,RES0001,USR0017,4점,2.0,2.0,2.0,연남동 디저트 맛집. 내부도 예쁘고 케이크도 정석으로 맛있네요. 프레지에 케익은 보기보다 살짝 단단한 느낌.  연차가 오래되어서 인지 요즘 인스타그램 나오는 핫한 느낌은 아니에요,"아메리카노,프레지에"
REV0019,RES0001,USR0018,5점,2.0,1.0,2.0,홀이 쾌적하고 창문이 많고 커서 채광이 좋아요. 계절 디저트 복불복이 조금 있지만 구성도 괜찮고 무슬린 크림 늘 잘 만듦,프레지에
REV0020,RES0001,USR0019,4점,1.0,1.0,2.0,음식을 주문하면 직접 가져다 주시는 카페여서 놀랐음! 디저트도 맛있었어요.,"히비스커스프롯티,아이스아메리카노,이자벨소메"
REV0021,RES0001,USR0020,4점,2.0,2.0,2.0,늦은 시간에 방문해서 디저트 종류는 별로 안남아있었지만 커피맛이 좋았어요.,갸또 오 쇼콜라
REV0022,RES0001,USR0021,4점,2.0,0.0,1.0,가격이 좀 비싸긴하지만 예쁘고 음료가 특히 맛있어요 디저트를 더 기대했었는데 음료가 더 괜찮네요ㅎㅎ,"몽블랑,그랑누아,애플시나몬라떼,스트로베리밀크티"
REV0023,RES0001,USR0022,5점,1.0,2.0,2.0,"조용하고 나름 넓은 카페였어요, 혼자서 노트북 하는 분들도 많이 계셨고, 조용한 카페여서 좋았어요",아메리카노
REV0024,RES0001,USR0023,4점,2.0,1.0,1.0,커플들이 많이 오는 듯한 연남동 디저트 카페. 커피도 맛있고 디저트도 진짜 맛있는데 좀 비싸네요...연남동 물가 생각하면 보통인듯.,"아인슈페너,마카롱"
REV0025,RES0001,USR0024,4점,2.0,2.0,1.0,공간이 아기자기하고 예쁩니다. 아인슈패너 맛있습니다. 디저트 케잌도 맛있습니다.,아인슈패너
REV0026,RES0001,USR0025,4점,2.0,0.0,1.0,인테리어 깔끔하고 맛 괜찮아요. 주인분이 메뉴에 대해서 이것저것 설명해주셔요. 케익은 맛있긴 했는데 넘 비쌌다는 ㅜㅜ,"오렌지음료,초코케익"
REV0027,RES0001,USR0026,4점,2.0,1.0,1.0,"일단 분위기가 좋았어요 인테리어도 예뻐요!
가격은 카페치고 조금 비싼편이었는데 디저트가 맛있어서 만족했습니다.","쇼콜라바난,아메리카노"
REV0028,RES0001,USR0027,5점,2.0,1.0,1.0,"인테리어도 깔끔하고 분위기가 좋아요
디저트도 정말 맛있고요",아메리카노
REV0029,RES0001,USR0028,4점,1.0,1.0,1.0,블루리본 많고 정통있는 괜찮은 디저트가 많아요 맛도 좋습니다,"프레지에,아이스아메리카노"
REV0030,RES0001,USR0029,4점,1.0,1.0,1.0,딸기라떼는 맛있긴한데 우유랑 땅기청이랑 잘 안섞여서 아쉬워요,"얼그레이자몽,딸기라떼"
REV0031,RES0001,USR0030,4점,2.0,1.0,2.0,"가격이 비싼만큼 고급진 분위기, 커피랑 디저트 맛있어용❤️",
REV0032,RES0001,USR0031,3점,,,,디저트는 나쁘지 않은데 홍차가 아주 별로였어요. 포트에 잎을 너무 적게 넣어주어서 맹물인줄 알았어요. 가급적 커피 시키시길..,
REV0033,RES0002,USR0005,5점,2.0,2.0,2.0,"지인들이랑 한잔하면서 맛나게 먹었어요
사장님 친절하셔요",한제소곱창전골 대
REV0034,RES0002,USR0032,5점,2.0,2.0,2.0,진한 감칠맛이 훌륭한 곱창전골이다. 전골에 넣는 곱창도 무려 구이용.,한제소곱창전골(소)
REV0035,RES0002,USR0033,4점,1.0,1.0,2.0,야채가 넉넉하게 들어있어서 좋네요! 네이버 리뷰이벤트 하면 사리도 받을 수 있어요,한제소곱창전골(소)
REV0036,RES0003,USR0034,5점,2.0,2.0,2.0,동네 카페지만 인테리어도 예쁘고 디저트 종류도 많아서 넘 좋았어요!,애플프루츠 티
REV0037,RES0003,USR0005,5점,2.0,2.0,2.0,조용하게 차마시기 좋은곳입니다 빵 종류가 많아서 좋으네요 커피도 맛나요,"아메리카노,수제 스트로베리 크럼블"
REV0038,RES0003,USR0035,4점,1.0,1.0,2.0,"깔끔한 분위기에 조용하게 커피 즐길 수 있는 곳이에요.  조용히 컴퓨터 들고 와 작업하시는 분도, 도란도란 이야기하시는 분도 많아요. 별로 시끄럽지 않아요. 커피맛도 준수합니다.",아메리카노
REV0039,RES0003,USR0002,4점,2.0,1.0,1.0,"신대방삼거리 카공하기 좋은 카페. 낮에 자리 부족하면 지하1층도 사용할수 있는듯. 커피맛있는편이고, 딸기크럼블 존맛탱","아메리카노,크럼블"
REV0040,RES0003,USR0036,5점,2.0,2.0,1.0,주기적으로 가는 카페 중 하나입니다! 음료 양도 많고 디저트도 많아서 좋아해요ㅎㅎㅎ 최근에 지하에도 앉을 수 있는 자리가 생겼더라구요! 가보진않았지만 조용해보였습니다ㅎ.ㅎ,"아이스아메리카노,아이스라떼,브라우니"
REV0041,RES0003,USR0004,5점,2.0,2.0,2.0,"아메리카노랑 케이크 먹었어요 달달하니 맛있네요
카페도 깔끔해요",아메리카노
REV0042,RES0003,USR0037,5점,2.0,2.0,2.0,"벌써 두번째 방문이에요! 
너무 괜찮아서 계속 재방문 중이에요. 
커피 양이랑 가격이랑 가성비 대비 너무 괜찮아요. 
디저트는 올때마다 바스크 치즈케이크 주문하는데 꾸덕하니 맛있어요👍
강추합니다.","아메리카노,민트초코라떼"
REV0043,RES0003,USR0007,4점,2.0,2.0,2.0,"분위기가 조용하고 지인들과좋은 시간을
보내기좋은 분위기였어요~  커피도 맛있었어요","에스프레소,아메리카노"
REV0044,RES0003,USR0038,4점,2.0,1.0,2.0,분위기 좋고 조용하고 맛있어요. 다음에 또 방문하고 싶어요~,레몬에이드
REV0045,RES0003,USR0039,5점,2.0,2.0,2.0,"디저트 맛집
딸기크럼블케이크 젤맛남
내부도 넓고 분위기도 좋은 카페",아메리카노
REV0046,RES0003,USR0040,3점,1.0,1.0,1.0,케이크 종류가 다양한 커피집입니다. 디저트와 함께 차 마시고 싶을 때 추천해요,아메리카노
REV0047,RES0004,USR0004,4.5점,2.0,2.0,2.0,아구찜 유명하잖아요 유명한곳은 딱 한가지만하는 역시 맛이 좋네요,아귀찜 중
REV0048,RES0004,USR0041,4점,2.0,1.0,2.0,위장이 그리 크지 않은 여자 네명이 중자 시켜 먹으니 딱 좋으네요. 배부르게 맛있게 잘 먹구 나왔습니다. 다음에 또 갈게요 ^^,아귀찜 중
REV0049,RES0004,USR0006,5점,2.0,2.0,2.0,"사장님이 바꼈다가 원래 사장님이 다시 돌아오셨다는 소문듣고 방문했어요
메뉴는 아주 맛있고 직원분도 친절하셨어요
재방문의서 있습니다!!","아귀찜 대,볶음밥"
REV0050,RES0004,USR0042,5점,2.0,2.0,2.0,"아구찜에 아구가 많아서 너무 좋았고, 양념도 너무 맛있었어요~맛있게 배불리 먹었어요~!",아귀찜 중
REV0051,RES0004,USR0043,5점,2.0,1.0,2.0,"친구추천으로 함께 갔는데 너무너무 맛있고 계속 생각나는 맛입니다! 맵기는
보통이나 약간 매운정도가 좋을거 같아요!",아귀찜 중
REV0052,RES0004,USR0005,3점,1.0,2.0,2.0,맛없는데 지인이 맛나다해서 갔어요 맛없게 매운맛이라 쫌 그랬어요,"아귀찜 소,아귀찜 중"
REV0053,RES0004,USR0044,5점,,,,"어릴 적 부터 갔는데 반찬 맛도 아구찜 맛도 변치 않고 맛있음
그 전 같은거랑 오징어숙회도 맛있고 김이랑 묵 무친것도 진심 갓갓 반찬은 이미 아구찜나오기 전에 이미 다먹음
다른데서 아구찜 못먹겠음 ㄹㅇ",
REV0054,RES0004,USR0007,4점,2.0,2.0,2.0,"맛있다하여 지인 추천으로 먹었는데
적당히 맵고 맛있어요~",아귀찜 중
REV0055,RES0004,USR0045,5점,2.0,1.0,1.0,이 곳에서 오래된 터줏대감 맛집. 보통 맛으로 먹으면 맵지 않고 딱 맛있다,아구찜
REV0056,RES0004,USR0046,5점,2.0,1.0,2.0,맛있다길래 가봤는데 맛있어요. 먹다가 볶음밥도 먹었어여ㅕ~~,아구찜
REV0057,RES0004,USR0047,5점,2.0,2.0,2.0,"여기 진짜 인생 아구찜 맛집입니다
주인 바뀌었다가 다시 돌아옴 만세",아귀찜 대
REV0058,RES0005,USR0048,5점,2.0,2.0,2.0,"와플은 와플대학이 젤 맛있어요
젤라또 와플은 빨리 녹는거만 아니면 두고 두고 먹고싶은 맛이에요 !","젤라또와플,크림젤라또와플"
REV0059,RES0005,USR0049,5점,2.0,2.0,2.0,매장이 작긴 하지만 테이블도 두개 있어서 먹고 갈 수도 있고 종류 많아서 좋아요! 사장님도 친절하십니다 :),젤라또와플
REV0060,RES0005,USR0002,5점,2.0,2.0,2.0,저녁 후 디저트 먹기 딱인 와플대학! 망고젤라또와플 너무 존맛탱이에요! 먹기는 좀 힘들지만 ㅎㅎ 쿠폰도 있어 재방문을 막 유도하네요! 졸업하는 그날까지!,망고젤라또와플
REV0061,RES0005,USR0005,5점,2.0,2.0,2.0,"지인이랑 술한잔하고 지나가다가  들어가봤어요
맛있어요 잘먹었습니다","슈크림크런치와플,플레인와플"
REV0062,RES0005,USR0016,4점,2.0,1.0,2.0,생각보다 맛있어욤 여기는 올때마다 씬나는 노래가 나와서 방댕이가 들썩여짐,망고젤라또와플
REV0063,RES0005,USR0050,5점,2.0,2.0,2.0,"와플먹고싶어서 들러서 포장했어요
많이달지도 않고 맛있게너무 잘먹었습니다.","크림와플,애플시나몬와플,스노우와플,메이플시나몬와플"
REV0064,RES0005,USR0006,4점,1.0,1.0,2.0,"동네있는 와플대학이에요
역시 와플은 기본이 제일 맛있네요 ㅎㅎ",애플시나몬와플
REV0065,RES0005,USR0051,3점,1.0,1.0,1.0,"맛으로 보장된 와플대학 여전히 맛있네요
사장님도 친절해요",크림와플
REV0066,RES0006,USR0052,5점,2.0,2.0,2.0,진짜 맛잇어요ㅠㅠ 나의 오래된 맛집 오래오래 남아주세요! 최고 김치말이국수 꼭 먹어줘야함,"숯불 무뼈닭발(맵기 중),날치알 주먹밥(한 대접),김치말이 냉국수"
REV0067,RES0006,USR0053,5점,2.0,2.0,2.0,"신정 닭발 신대방쪽에 분점으로 생긴 곳인 것 같습니다.
일단 맛의 차이는 크게 나지 않습니다. 오히려 살짝 덜 매운 느낌? 이라고 해야할까요. 근데 일단 매콤한 양념에 푹 절인 닭발은 쫄깃하고 아주 일품입니다.콩나물이 여기는 셀프로 직접 가져가서 먹는 방식이라서 
실컷 먹어서 너무 좋구요 반찬이 셀프라서 마음껏 가져갈 수 있는 점이 좋았습니다.  특히 마요네즈 소스 찍어먹는게 정말 짱입니다.김치말이국수에 주먹밥 하나 시켜주시면 두명이서 28,000원 내고 배터지게 먹을 수 있을 정도로 가격도 착합니다. 닭발 19,000원 
주먹밥 3천원 
국수 6천원 
합 28,000원 너무 맛있게 잘 먹고 나왔습니다~","국물닭발,주먹밥,김치말이냉국수"
REV0068,RES0006,USR0054,5점,2.0,2.0,2.0,신정닭발은 닭발이 통통하고 보들보들한 계란찜이 일품임 직원들도 친절하고 맛없는메뉴가 없음,국물닭발 셋트
REV0069,RES0006,USR0055,4점,2.0,2.0,1.0,"최근에 먹은 국물닭발 중 젤 맛있는듯해요!
계란찜도 양많고 맛있습니다..!",국물닭발 셋트
REV0070,RES0006,USR0005,4점,1.0,2.0,2.0,"간만에 방문한집~~ 
여전한 맛이네요 국물닭발,닭똥집볶음,주먹밥
잘먹었습니다",국물닭발 셋트
REV0071,RES0006,USR0056,2점,1.0,2.0,0.0,"매운닭발이 먹고싶어서 방문함 닭발은 많이 맵지않고 맛잇었음,이정도 닭발은 흔한 맛이긴함.사장님인지 모르겟지만 바빠서 그런지 불친절하심.전체적으로 음식은 맛잇음",국물닭발 셋트
REV0072,RES0006,USR0050,5점,2.0,1.0,2.0,닭발은 잘못먹지만 지인 먼저 가있대서 갔는데 군내안나고 잘먹었습니다,"무뼈국물닭발,소금구이 볶음똥집"
REV0073,RES0007,USR0057,4점,2.0,2.0,1.0,"신대방삼거리역에 있는 식당인데, 콩국물이 아주 크리미하고 국내산 콩을 사용하는데도 가격이 1.2만원으로 합리적이에요. 식전에  보리밥도 주어서 아주 든든합니다~!",검정콩국수
REV0074,RES0007,USR0058,5점,2.0,2.0,1.0,검은콩국수는 짜지않고 맛있고 콩칼국수는 콩스프 먹는 맛이라고나 할까요? 왠만한 콩국수와는 수준이 다릅니다.,"검정콩국수,콩칼국수"
REV0075,RES0007,USR0006,4점,1.0,2.0,2.0,"맛있어서 두번 방문했는데 한번은 콩물이 살짝 시큼하더라구요. 회전율이 빨라서 상한건 아닐텐데 왜 시큼했는지는 의문
김치도 맛있고 음식 기다리는동안 열무랑 비벼먹을 보리밥이 나오는게 별미네요 여름에 콩국수 먹으러 자주갈 예정!","콩국수,바지락칼국수"
REV0076,RES0007,USR0005,5점,2.0,2.0,2.0,"맛나요
들깨수제비 꼬숩고 바지락 칼국수도  맛나요
보리밥 좋아요
열무김치 맛집입니다.","바지락칼국수,들깨수제비"
REV0077,RES0007,USR0059,5점,2.0,2.0,2.0,"콩국수맛집이에요
서리태라 엄청 고소하고 목넘김도 좋아요
겨울이라 들깨수제비도 괜찮아요
무엇보다 가격이 최고에요","검정콩국수,들깨수제비"
REV0078,RES0007,USR0050,4점,2.0,2.0,2.0,"가게는 작지만 가성비대비 양도 많고 맛도
괜찮아요 또 올만한 곳이에요","바지락칼국수,들깨수제비"
REV0079,RES0007,USR0060,3점,2.0,2.0,2.0,고소하고 간이 세지않아서 부담없이 먹고싶을때 좋아요 가격대도 7~9천원대고요,들깨수제비
REV0080,RES0008,USR0061,4점,1.0,1.0,1.0,동네 주민들 맛집인거같아요 비빔밥 맛있게 잘먹고갑니다!,제육비빔밥
REV0081,RES0008,USR0005,5점,2.0,2.0,2.0,돌솥밥 비빔장이 맛있어요 콩나물국밥도 맛나요 신랑이랑 점심먹고 왔어요,"콩나물국밥,돌솥비빔밥"
REV0082,RES0008,USR0004,4.5점,2.0,2.0,2.0,뜨끈한 국물 먹고싶어서 다녀왔는데 맛있어요! 콩나물국밥 깔끔해요,콩나물국밥
REV0083,RES0008,USR0062,2점,0.0,1.0,1.0,솔직히 맛없기도 힘든 메뉴인데 맛없어서 남길  정도였어요.,강된장비빔밥
REV0084,RES0009,USR0063,4.5점,2.0,1.0,1.0,"동생추천으로방문했는데 
너무 맛있게 잘 먹었어요~
재방문의사있습니다!!","돼지갈비 250g,물냉면"
REV0085,RES0009,USR0050,4점,1.0,1.0,0.0,"항상 지나가는 길에 보면 사람이 차있어서 맛집일까하고 먹어봤는데 가격치고 갈비얇고 
직원분도 바쁘셨는가 정신없이 허둥지둥하셨음
이가격에 이갈비면 다시는 안갈듯",돼지갈비 250g
REV0086,RES0009,USR0004,5점,2.0,2.0,2.0,갈비랑 맛있게 저녁먹었어요 된장찌개도 맛있더라구요 가족식사하기 좋아요,돼지갈비 250g
REV0087,RES0009,USR0064,5점,2.0,2.0,2.0,가성비 괜찮고 역 바로 근처라 사람들이 많이 찾는거같아요 고기 가볍게 즐기기에 좋아요,돼지갈비
REV0088,RES0009,USR0065,5점,2.0,2.0,2.0,친구가 맛있다고 데려갔는데 진짜 맛있었어요!!!!또가고싶음,돼지갈비 250g
REV0089,RES0009,USR0005,4점,1.0,1.0,1.0,"그닥 맛집은 아닌데 손님이 많은집
위치가 좋아서 그런가바요",돼지갈비 250g
REV0090,RES0009,USR0007,4점,2.0,2.0,1.0,"오랜만에  친구들과  돼지갈비를 맛있게
먹었어요~~ 냉면과 같이 먹으니 더  맛있었어요
잘먹었읍니다","돼지갈비 250g,비빔냉면"
REV0091,RES0009,USR0046,5점,2.0,1.0,2.0,"가끔 점심에 가는데 음식들 대체적으로 맛있어요 ㅎ
뚝불도 맛있네용 ㅇㅇ",뚝배기불고기
REV0092,RES0009,USR0066,3점,1.0,1.0,1.0,매우 소란스러워서 음식이 입으로 들어가는지 코로 들어가는지 모르겠음,"양념갈비,물냉면,비빔냉면"
REV0093,RES0009,USR0067,5점,,,,,
REV0094,RES0010,USR0068,5점,2.0,2.0,2.0,"웬만한 횟집보다 숙성회가 맛있어요! 술집이지만 회 먹으러 와도 될만한 퀄리티,,","청어알젓 숙성회3종,통삼겹 수육튀김,모찌리도후"
REV0095,RES0010,USR0005,5점,2.0,2.0,2.0,"회싱싱하고 맛나요 수제감자고로케도 너무 맛나요
김치우동도 맛나고 다 좋아요  애견동반 가능해서 더 좋으네요","모리 김치오뎅 나베,수제감자 고로케,숙성 모듬사시미 한판"
REV0096,RES0010,USR0069,4점,2.0,1.0,2.0,"신대방 삼거리역의 깔끔하고 조용한 이자카야를 찾는다면 모리식탁이 정답! 숙성회와 청어알의 조합은 너무 맛있었고,, 청어알은 밥반찬으로 가져오고 싶을 정도로 너무너무 맛있었어요-! 뚝배기 김치 나베도 느글한 조미료 맛이 아닌 깔끔한 멸치 육수 베이스라 속이 불편하지 않았어요-! 크림우동은 안에 불고기가 낭낙하게 들어있어 크림의 고소한 맛을 더 올려주었네용~!! 가게 분위기가 차분해서 정신 없지 않아 너무 좋았어요 짱!","[숙성 사시미]중(330g),가쓰오 김치오뎅 나베,명란크림우동"
REV0097,RES0010,USR0070,5점,2.0,2.0,2.0,"회도 신선하고 맛있고 좋았습니다!
직원분들도 친절하시고😉😉😉
다음에 또 방문 하겠습니다 :)","모듬 숙성회 한판,돈까스 김치나베,묵은지숙성회+생연어 반반 8p"
REV0098,RES0010,USR0004,5점,2.0,2.0,2.0,회도 신선하고 여러다른 찬들도 깔끔하니 맛이 좋았어요!,서울의 밤 SET
REV0099,RES0010,USR0071,5점,2.0,2.0,2.0,숙성회 너무 맛잇고 직원들이 너무 친절해서 좋은 곳입니다 ㅋㅋ,모듬 숙성회 한판
REV0100,RES0010,USR0072,5점,2.0,2.0,2.0,숙성회가 진짜 너무 맛잇습니다 ㅎㅎ 직원들도 너무 다친절해요,모듬 숙성회 한판
REV0101,RES0010,USR0073,4.5점,2.0,2.0,2.0,사장님너무 친절하셔서 갈때마다 좋아요 숙성회는 말해뭐해너무 맛잇어요,모듬 숙성회 한판
REV0102,RES0010,USR0007,4점,2.0,2.0,2.0,"깔끔하고  맛있게 잘먹었어요~
여러가지 다른것들도 다양해서 잘 먹었어요",모듬 숙성회 한판
REV0103,RES0011,USR0074,5점,2.0,2.0,2.0,장어는 당연 맛있고 곁들여나오는 밑반찬들이 진짜 너무 맛있어요,"장어소금구이(1kg),장어추가(500g)"
REV0104,RES0011,USR0006,5점,2.0,2.0,2.0,"사장님, 직원분들 다 친절하시고 먹는 내내 다 구워주셔서 편하게 먹을 수 있었어요
무엇보다 장어가 신선하고 크기가 커서 아주 맛있게 먹었습니다 부모님도 만족해하셔서 무조건 재방문 의사 있습니다
반찬은 직접 농사지어 키우신 야채들로 만드셨는데 하나하나 다 맛있습니다","장어소금구이(1kg),갑오징어(구이/숙회)"
REV0105,RES0011,USR0004,5점,2.0,2.0,2.0,오랜만에 가족들이랑 장어 먹으러 갔는데 담백하니 맛있어요 직접 농사진 야채도 줘서 좋아요,장어소금구이(1kg)
REV0106,RES0011,USR0050,5점,2.0,2.0,2.0,"생긴지 얼마안된곳이라 그런지 깔끔하고
직접 구워주시니 좋아요
친절하시고 맛있게 잘먹었어요","장어소금구이(1kg),가리비구이(계절메뉴)"
REV0107,RES0011,USR0007,4점,2.0,2.0,2.0,"오랜만에 장어구이를  가족들과 몸보신
했네요~  맛있게 잘 먹었읍니다",장어소금구이(1kg)
REV0108,RES0011,USR0005,4점,2.0,1.0,2.0,개업한지 얼마안되서 깔끔했어요 가족들하고 맛난식사 하고왔어요,"장어소금구이(1kg),장어추가(500g)"
REV0109,RES0012,USR0075,3.5점,1.0,2.0,1.0,분위기 괜찮은 신대방동 카페입니다. 역에서 멀지 않아요. 케이크 주문도 많이 하시는것 같아요.,단팥죽
REV0110,RES0012,USR0039,4.5점,2.0,2.0,2.0,"팥빙수, 케이크 맛집!!!보통 레터링케이크는 맛 없는데 여긴 맛있어요!!!빙수는 설bing보다 더더 맛있습니다!!추천!!!","더티초코조각케이크,홍시빙수"
REV0111,RES0012,USR0076,5점,2.0,1.0,2.0,놀라운 토요일에 나온 신대방삼거리역 근처 카페. 케이크 종류가 다양하고 독특해서 하나씩 맛보는 재미가 있음. 단호박이 가장 맛있었고 매장 내부가 넓어서 쾌적했음.,"단호박타르트,쑥절미갸또조각케이크,딸기조각케이크"
REV0112,RES0012,USR0077,5점,2.0,2.0,2.0,사람이 많아서 빙수 나올때까지 많이 기다렸어요! 근데 너어무 맛있어서 의미 있었습니다. 인생 팥빙수!!,아뜨레국산팥빙수
REV0113,RES0012,USR0006,4점,1.0,1.0,2.0,동네 빙수 맛집이에요 우유 얼음이 빨리 녹지 않아서 더 좋았어요 ㅎㅎ 여름에 자주 갈거같아요,"아뜨레국산팥빙수,바스크치즈조각케이크"
REV0114,RES0013,USR0005,4점,2.0,2.0,2.0,예전에 고추김밥 맛있었는데 없드라구요 그래서 참치김밥이랑.어묵우동 먹고 왔어요 맛나요,"참치김밥,어묵우동"
REV0115,RES0013,USR0078,5점,2.0,2.0,1.0,"떡볶이가 넘 묵고싶어서 방문. 
처음 와보는데 맛있게 잘 먹었어요. 오징어튀김 맛있네요. 남은 음식 셀프로  싸가는 게 맘에 듬",떡튀순세트
REV0116,RES0013,USR0004,5점,2.0,2.0,2.0,간단하게 시장가서 우동이랑 김밥먹었는데 맛있었어요 다음번엔 떡볶이까지도전,"참치김밥,어묵우동"
REV0117,RES0013,USR0007,5점,2.0,2.0,2.0,"옛떡뽁기가 생각나 찿았는데 역시나 맛있게
잘먹었어요~  또 먹으러 와야겠네요","참치김밥,떡볶이,우동"
REV0118,RES0013,USR0002,5점,2.0,2.0,2.0,떡튀순세트 포장해서 먹었어요! 딱 상상했던 시장 떡볶이 맛!,떡튀순세트
REV0119,RES0013,USR0040,3점,1.0,1.0,1.0,어렸을 때 자주먹던 시장 떡볶이 맛이예요. 가격도 비싸지 않고 맛있어요,풀세트
REV0120,RES0014,USR0079,5점,2.0,2.0,1.0,"고기 맛있어요
얼마전에 신메뉴도 나온거같아요
겻들여먹을수있는게 많아요","원조한판,특수한판,계란찜"
REV0121,RES0014,USR0005,4점,2.0,2.0,2.0,"원조한판, 살얼음물쫄면, 먹었어요 
물냉또는 비냉은 원조한판 시키면 서비스로 주십니다 고기는 맛나는데 상추야채를 안줘서 아쉬운상황이였어요 고기만
먹으니 느끼하더라구요 ㅠ","물냉면,살얼음 물쫄면,원조한판"
REV0122,RES0014,USR0080,5점,2.0,1.0,2.0,체인점이지만 사장님이 친절하고 고기도 구워주심.. 계란간장밥 먹고 파절이쫄면 사이드까지 너무 맛있음~~💖💖,"부안된장술밥,숙성삼겹,계란찜"
REV0123,RES0014,USR0002,5점,2.0,1.0,2.0,원조한판 먹었어요. 대체적으로 맛있어요! 물쫄면 계란찜도 최고!,"살얼음 물쫄면,계란찜"
REV0124,RES0014,USR0004,4.5점,2.0,2.0,2.0,원조한판먹었더니 물냉은 서비스로 주시네요 맛있게 잘 먹었어요,육즙목살
REV0125,RES0014,USR0007,5점,2.0,2.0,2.0,"고기에 냉면을  같이 맛나게  먹었어요
역시 여름에는 냉면이 최고네요~","물냉면,원조한판"
REV0126,RES0014,USR0081,1점,1.0,2.0,0.0,갈비가 붙어있는 뼈가 나무 뿌리같이 생기고 두꺼워 굽기가 어려웠고 서비스가 너무 엉망이어서 가족과의 즐거운 점심이 엉망이 되었습니다. 냉면은 시킨지 20분이 되어도 안나와서 물어보니 오늘은 안된디고 했습니다. 무슨 기분 나쁜일이 있는지 몰라도 오지말아야할 곳에 오지말아야할 시간에 왜 왔냐하는 느낌을 받았습니다. 원래 식당 평가 잘 안하는데 참고해야할 것 깉아 올립니다.,원조숯불갈비
REV0127,RES0014,USR0082,2점,1.0,1.0,1.0,원조부안집 맛있는걸로 유명해서 방문했단건데 음식이 너무 늦게나오고 고기를 60%정도 구워주시는데 못구워주샤서 너무 아쉬웠어요ㅜ,갓성비세트메뉴
REV0128,RES0015,USR0005,5점,2.0,2.0,2.0,"지인들과 갔어요 몇번갔었는데 만석이라 되돌아 온곳이에요
이날은 다행이도 자리가 있어서 잼나게 맛나게 먹고 왔어요 리뷰이벤트 추억의뽑기도 재미 있었어요 ㅋ","치킨난반,깐풍가지튀김,통새우멘보샤(4pc)"
REV0129,RES0015,USR0083,5점,2.0,2.0,2.0,"기본안주에 1인1잔 잔사케까지
그리고 저렴한 가격에 음식과 맛있는 하이볼도
마실수 있는 가게는 처음봅니다.
너무너무너무 친절하셔서 기분도 좋았어요
기념일날 방문했는데 너무 맛있게 잘먹고
갑니다. 또 올께요!!","한우육회,우니 타르타르,우니,단새우,관자삼합,게내장 크림 우동파스타,치킨난반"
REV0130,RES0015,USR0050,5점,2.0,1.0,2.0,"처음 왔는데 잔도 다양하게 고르라그러고(잔이 먼지쌓여보였던건 안비밀;;;)
메뉴도 맛있고 리뷰이벤트 추억의뽑기도 있고
즐겁게 보내다 왔네요","치킨난반,깐풍가지튀김"
REV0131,RES0015,USR0004,4.5점,2.0,2.0,2.0,깔끔하고 고급스럽네요 음식도 맛있고 블랙올리브 좋아하는데 나와서 좋았어요,난코츠&닭껍질튀김
REV0132,RES0015,USR0052,5점,2.0,2.0,2.0,진짜 맛있고 기본적으로 요리를 잘 하는 것 같아요!! 너무너무 만족스러운 맛집 심지어 진짜 친절하셔요,"게내장 크림 우동파스타,치킨난반,후토마끼1p"
REV0133,RES0015,USR0007,5점,2.0,2.0,2.0,"여러가지가 다양하게 다 맛있고 친점하기도
하셔서 기분좋게 한잔 하고 갑니다~",치킨난반
REV0134,RES0016,USR0084,4점,2.0,1.0,1.0,"이사가고 멀어저서 오랜만에 방문했어요
리모델링해서 테이블로 변경되서 먹기편해저서 좋았는데 가격은 올랐고 김치맛이 예전처럼 맛있진 않았어요
칼국수가 워낙 푸짐하도고 맛있고 공기밥도 달라고하면 추가로 줍니다.비오는날 먹기 딱 좋고 점심,저녁때가면 항상 웨이팅이 있으니 피해가세요",바지락칼국수
REV0135,RES0016,USR0050,5점,2.0,2.0,2.0,"예전엔 좌식이었는데 의자앉아서 먹을수있게 바꼈어요
예전에 신발벗고앉아서 다먹고 다리저렸는데 불편함이 없어졌어요
메뉴도 단일메뉴라 빨리나오고 양도 정말푸짐해요",칼국수
REV0136,RES0016,USR0085,3점,1.0,2.0,1.0,"7호선 신대방삼거리역 6번 출구에 위치한 줄서서 먹기로 소문난 칼국수 집.한 요리하시는 지인께서 아플때도 생각나 온다며 오래 전부터 맛집으로 추천했던 곳이라 사실 기대보다 더한, 믿어 의심치않는 확신을 갖고 방문했습니다.
또 올라온 평가중 '가끔 미친듯이 여기 칼국수 먹고싶다'가 확 끌어당기기도~작은 식당내 좌식 테이블들 옹기종기
코로나 여파로 휑하니 한산한 다른 집들과 달리, 다행히 긴 줄서기는 없었지만 점심시간 맞아 금새 만석이 되더군요.흡사 세숫대야만한 커다란 그릇에 그득 담긴 칼국수.   ""2인분 맞지?"" 
일행과 함께 깜짝 놀라 국자로 휘휘~
'다행이다' 면은 적당히! 
그러나 대신 바지락은 왕창 산더미!""이 껍질 언제 다 까지?!""
먹기 전 눈 앞에 직시되는 노동력 감지에 배시시 새어나오는 즐거운...더보기",바지락칼국수
REV0137,RES0016,USR0005,5점,2.0,2.0,2.0,"오래된 칼국수집이에요
의자로 바뀌고 첨 방문했네요
국물이 너무 맛있어요
면도 쫄깃~~",칼국수
REV0138,RES0016,USR0035,4점,2.0,2.0,2.0,11시30분에 갔는데도 웨이팅해야할 정도로 동네맛집입니다. 양도 많고 간도 딱 맞아서 자주 오고 싶어요.,칼국수
REV0139,RES0016,USR0086,3점,1.0,1.0,1.0,"칼국수는 그냥 평범한 맛이고요 바지락이 많이 들어간 편이에요
김치가 맛있습니다",칼국수
REV0140,RES0016,USR0040,3점,1.0,1.0,1.0,칼국수 맛집입니다. 다만 점심시간이랑 저녁시간에는 웨이팅이 있으니 한적한 시간에 가는걸 추천해요,칼국수
REV0141,RES0016,USR0087,5점,2.0,2.0,2.0,"40년 살면서 먹었던 바지락 칼국수 중 최고!
국물 개운하고 조잡한 맛이 하나도 없음
면도 탱글탱글 적당히 밀가루 향이 남
바지락 양 짱 많음",바지락칼국수
REV0142,RES0016,USR0088,4점,2.0,2.0,2.0,맛은 구냥 바지락 칼국수 맛인데 바지락을 제일많이넣어주는곳! 푸짐하고 좋아여,바지락칼국수
REV0143,RES0016,USR0089,5점,2.0,2.0,2.0,"20년 맛집
말이 필요없습니다 ㅎㅎㅎ
양도 겁나 많고 여기만한 칼국수 집이 없어요",칼국수
REV0144,RES0016,USR0044,5점,,,,가끔 진짜 미친듯이 여기 칼국수 먹고싶음 ㅠㅠ,
REV0145,RES0017,USR0090,5점,2.0,2.0,2.0,4인이어서 세트 시키니까 오징어요리 다양하게 먹으니 좋았어요! 음식도 다 맛있었고 백김치도 맛있었어요!!,"갑오징어명란불고기,반반튀김(갑오징어/새우),갑오징어초무침,갑오징어연포탕"
REV0146,RES0017,USR0007,5점,2.0,2.0,2.0,"오랜만에 동생과 오징어 백반 맛나게 먹었
어요~~  만나게 먹으면서 이야기도하고
모처럼 즐거웠어요",갑오징어불고기백반
REV0147,RES0017,USR0004,5점,2.0,2.0,2.0,매콤하니 갑오징어가 맛있어서 밥이랑 잘 먹었어요 한끼먹기 좋네요,갑오징어백반
REV0148,RES0017,USR0050,5점,2.0,2.0,2.0,"개업한지 얼마안된곳인데 체인점인가뵌요
둘이먹기에 양도 괜찮았네요",오삼불고기백반
REV0149,RES0017,USR0005,4점,1.0,2.0,2.0,"개업한지 한달되서 가게 깔끔하고 맛도 먹을만했어요
잘먹었습니다.",갑삼불고기백반
REV0150,RES0018,USR0005,5점,2.0,2.0,2.0,"모든메뉴 7000원
사골국물이 부담없이 맛나요
계란푼 칼국수에 사골국물 아주좋았어요
겉절이도 너무맛있어요
사장님도 친절하셔요",칼제비
REV0151,RES0018,USR0002,4점,2.0,2.0,2.0,깔끔한 실내. 달걀이 풀어진 국물이라 담백함 양념장을 풀어도 맛있음 칼제비보단 칼만두 추천,"칼만두,칼제비"
REV0152,RES0018,USR0016,5점,2.0,2.0,2.0,깔끔하고 담백한 계란칼국수입니다. 김치가 넘 맛있어요 …! 가성비 좋은 동네 맛집이라 자주 방문할것 같네요,칼만두
REV0153,RES0018,USR0050,5점,2.0,2.0,2.0,"다른장소에 있었는데 여기로 옮기신듯
이전하시고 더 맛있구요!깔끔하고 
혼밥하러 가기에도 좋아요!",칼국수
REV0154,RES0018,USR0062,4점,2.0,2.0,2.0,가성비 좋기로 유명한 칼국수집. 맛도 무난합니다. 공깃밥도 무료로 줍니다.,칼국수
REV0155,RES0019,USR0050,5점,2.0,2.0,2.0,강아지 데리고 나와서 야외테이블 있는 이곳 선택했어요.우동집인만큼 우동이 맛있어요!가격도 저렴하고 좋아요. 술안파는곳입니다!참고하세요^^,우동
REV0156,RES0019,USR0005,5점,2.0,2.0,2.0,"상도동 주민으로써 술한잔하구 자주 들리는 곳입니다 아주 맛나고 해장에 좋아요
사장님 친절하시구요 강아지와 편하게 먹을수 있게 해주셨어요",우동
REV0157,RES0019,USR0004,4.5점,2.0,2.0,2.0,오늘같이 추운날 뜨끈하게 우동먹기 너무 좋아요 가성비도 좋구요,우동
REV0158,RES0019,USR0091,4점,2.0,2.0,1.0,"오래되고 허름한 기계우동집~
날씨가 조금 더 쌀쌀해지면 많이들 찾으실듯 합니다
맛있습니다
카드결제도 됩니다~",곱배기
REV0159,RES0019,USR0092,4점,2.0,2.0,1.0,"매우 오래된 기계우동집, 묘하게 튀김이 끌리는 맛이에요 가격도 착하고 가끔 가게 되는 곳임","우동,짜장"
REV0160,RES0019,USR0093,4점,2.0,2.0,1.0,"우동, 짜장 먹어봤는데 우동이 더 맛있음
간단하게 혼밥하기좋음","우동,짜장"
REV0161,RES0019,USR0088,3점,1.0,2.0,2.0,"우동이나 짜장면 먹고싶울때 갈정도로 맛있진않고
저렴한가격에 한끼, 술먹고 먹기 좋아용","짜장면,우동"
REV0162,RES0019,USR0094,4점,,,,술 마시고 집에 들어가기 아쉬울때.,
REV0163,RES0019,USR0095,4점,,,,,
REV0164,RES0020,USR0096,4점,2.0,2.0,2.0,신대방삼거리에서 야외포장마차 감성을 느낄 수 있는 곳. 10번 이상 재방문한 곳. 사장님이 친절하시고 음식이 대체적으로 가격대비 맛이 좋음. 다만 노포 특성상 화장실이 조금 아쉽다.,"번데기탕,고등어구이"
REV0165,RES0020,USR0005,5점,2.0,2.0,2.0,"진짜  오랜만에 방문했는데 여지없이 맛났어요 화장실이 불편했지만 ....
사모님 음식솜씨 너무줗으셔요.
사장님 친절하시구요 강아지와 편하게 먹을수 있게 해주셨어요","부추전,두부김치,잔치국수"
REV0166,RES0020,USR0050,5점,2.0,2.0,2.0,"가게는 작지만 메뉴시킨것마다 모두 맛있었어요!
작지만 야외테이블도 있고 사장님 부부?두분 친절했어요 .부득이하게 강아지데리고 갔는데 받아주셔서 너무 감사합니다.","두부김치,부추전,잔치국수"
REV0167,RES0020,USR0004,4.5점,2.0,2.0,2.0,포차느낌제대로된 포차예요 한잔하면서 여러가지 안주있어서 좋아요,전
REV0168,RES0020,USR0097,4점,2.0,2.0,2.0,"언제나 사람많은 곳. 동네사람들 많은 노포입니당
가격싸고 맛있으나 저는 술마시면 화장실많이가는지라.. 화장실이 대야에 물부어서 내리는 방식이라 매우불편하고 남녀공용입니다. 그래도 가게안에 화장실있다는건 좋아요!
메뉴는 조개탕 시원하니 해장하며 술마실수있고 다른안주들도 실패한적없습니다! 뼈없는 닭발도 뭔가 상상가는맛이아닌 고급진맛..?ㅎㅎ
자주가게됩니다","조개탕,뼈없는닭발"
REV0169,RES0021,USR0002,5점,2.0,2.0,2.0,탕수육 볶음밥 짬뽕 모두 딱 정석의 맛. 여긴 맛집입니다. 다음에 또가서 볶음짬뽕 먹을거에요.,"볶음밥,짬뽕,탕수육"
REV0170,RES0021,USR0098,4점,1.0,2.0,2.0,오래된 동네맛집 중국집. 전체적으로 달지만 옛날맛을 좋아하면 추천,"짜장면,탕수육"
REV0171,RES0021,USR0006,4점,2.0,2.0,2.0,사장님 부부가 친절하세요 맛도 기본적으로 맛있고 동네에서 중국집으로 유명해요 ㅎㅎ,"짜장면,짬뽕,탕수육"
REV0172,RES0021,USR0092,3점,2.0,1.0,1.0,"36년이상 된 오래된 중식당입니다, 이 주변에서 그래도 가장 맛있는 곳이에요","사천탕수육,짜장면"
REV0173,RES0021,USR0099,4점,2.0,1.0,2.0,이층에 위치해 찾기 어려울 수 있지만 사장님 내외분이 반갑게 맞이 해주시고 음식도 맛있는 집,짜장면
REV0174,RES0022,USR0100,4점,1.0,2.0,2.0,간장맛 나는 돼지고기덮밥입니다. 맛있게 먹었는데 덜 따뜻했어요. 저번에 부타동 먹어보고 맛있어서 또 방문했습니다. 부타마제메시 같은 밥인데 맛이 어떻게 다를까 궁금했는데 삼겹 이 똑같이 올라가는데 재료가 더 다양하니 개인적으로는 이 친 구가 더 맛있더라구요ㅎㅎ 다만 빈숙 없는것이 아쉬워서 담에는 토핑으로 반숙란까지 더해서 더 온전한 맛을 즐겨볼 것 같습니다. 점보 아니어도 삼겹살 왕창 얹어주셔서 나중엔 고기가 더 남았습니다. 라스트오더 8시 30분까지라 밥집치고 길어서 늦은 저녁 먹기 딱 좋았네요. 수제라유 추가하면 더 맛있다던데 비주얼과 달 리 매운거 잘못먹는 저에게도 맛있었답니당 추가해서 드셔보시 길 추천합니다.,부타동
REV0175,RES0022,USR0002,5점,2.0,1.0,2.0,오랜만에 부타동 먹으러 방문한 맛집! 정말 맛있어요! 소문났는지 사람도 많더라고요!,부타동
REV0176,RES0022,USR0101,5점,2.0,2.0,1.0,"스미비부타동은 여러 지점을 찾을 정도로 좋아하는데 신대방삼거리점도 역시 맛있어요 포장, 매장 다 만족해요!","부타동,포장할인"
REV0177,RES0022,USR0102,5점,2.0,2.0,2.0,"혼밥 하기 좋은 곳이에요
웨이팅 10분 정도 했습니다!
분위기 넘 좋아요",스미비부타동
REV0178,RES0023,USR0004,5점,2.0,2.0,2.0,짜조샐러드 맛있네요 샐러드라 뭔가 안정적인ㅎㅎㅎ 술한잔하기좋은장소,짜조샐러드
REV0179,RES0023,USR0005,5점,2.0,2.0,2.0,"가성비 좋은 술집입니다
아주 맛나고 사장님 음식솜씨 좋으셔서 맛나게 잘먹고 왔어요",짜조샐러드
REV0180,RES0024,USR0004,5점,2.0,2.0,2.0,새우튀김안주인데 바삭하니 맛있어서 자꾸 손이가네요 안주로 먹기 딱 좋아요,새우깡
REV0181,RES0024,USR0050,5점,2.0,2.0,2.0,"신대방삼거리 사이야 하면 알아주죠!!
저희 먹는데도 많이 오가셨음
새우깡하나 시켜서 셋이서 달림 ㅋ
양많고 맛있고 가성비 갑이랍니다~~","새우깡,하이볼"
REV0182,RES0024,USR0005,5점,2.0,2.0,2.0,지인들과 2차로 가볍게 들려서 먹었어요 새우깡 간단하니 좋은안주입니다,새우깡
REV0183,RES0024,USR0103,5점,1.0,2.0,1.0,,사이야  이자카이
REV0184,RES0024,USR0104,4점,1.0,1.0,1.0,"맛은 나쁘지 않음
나가사키 육수 추가 안되는게 아쉬움
돈내도 안됨
면까지 넣으면 국물좀 모자라는데.. 쩝",나가사키
REV0185,RES0025,USR0050,5점,2.0,2.0,2.0,"야외테이블도 있고 음식도 깔끔하게 나와요
네이버리뷰쓰면 파인애플샤베트 준다는데
급일이 생겨서 못먹음 ㅜㅜ",달맥 로티세리 통닭
REV0186,RES0025,USR0004,5점,2.0,2.0,2.0,맥주도 너무 가성비 좋고 안주고 예쁘고 맛있게나오네요~~,달맥 로티세리 통닭
REV0187,RES0025,USR0005,5점,2.0,2.0,2.0,"동네 새로 생겨서 가봤어요
2층홀도 있는데 못가보고 밖에서 먹었어요 세트메뉴 맛나게 잘먹었습니다","달맥 로티세리 통닭,소주,a세트"
REV0188,RES0025,USR0007,4점,2.0,2.0,2.0,"지인들과 오랜만에 호프집에가서  부담없이
시원하게 즐건시간 보냈어요~","달맥 로티세리 통닭,맥주"
REV0189,RES0026,USR0105,3점,2.0,2.0,0.0,너무시끄러운데 직원분들도 불친절... 빙어 오픈이라해서 시켜봤는데 냉동나와서 너무 실망했어요ㅠㅠ,모듬전
REV0190,RES0026,USR0007,5점,2.0,2.0,2.0,"오랜만에 본 친구와 분위기 좋은데서
맛나게 먹고 즐거운 시간이었어요~~","오징어제육,모듬전"
REV0191,RES0026,USR0004,5점,2.0,2.0,1.0,술안주로먹기 딱 좋고 계란말이도 큼지막해서 맛있게 잘 먹었어요,"무뼈닭발,야채계란말이"
REV0192,RES0026,USR0050,5점,2.0,2.0,2.0,"야채계란말이 맛있었고
맑은감자수제비는 후추사랑이 넘치셔서 후추맛밖에  안났어요","야채계란말이,맑은감자수제비"
REV0193,RES0026,USR0005,5점,2.0,2.0,2.0,"음악이 안나와서 좋아요
수제비 맛집이구요 도토리묵도
맛나고 계란말이도 맛나요","계란말이,감자수제비,도토리묵"
REV0194,RES0027,USR0007,5점,2.0,2.0,2.0,"오랜만에 남편과 술한잔 하러 퓨전포차에
가서 골뱅이 무침과 모시 조개탕으로 맛있게
먹으며 즐거운시간을 가졌답니다","골뱅이무침,모시조개탕"
REV0195,RES0027,USR0050,4점,2.0,2.0,2.0,"안주가 간 적당하고 깔끔하게 나와요
조개탕은 해감이 덜됬는지 흙이좀 ,,
서비스로 과일주심",골뱅이무침
REV0196,RES0027,USR0005,4점,2.0,2.0,2.0,"자극적이지 않고 무난한맛이에요
가성비 좋아요
양많고 저렴해요","골뱅이,모시조개탓"
REV0197,RES0027,USR0046,5점,2.0,2.0,2.0,"황도랑 한치먹었어요.
황도에 여러가지 과일이 들어있어서 두번시켜먹었네요 ㅎㅎ",황도
REV0198,RES0027,USR0004,4점,1.0,1.0,1.0,시원달달한 화채 맛있네요 요즘 날이 더워져서 시원하게 한잔했어요,황도
REV0199,RES0028,USR0106,3점,2.0,1.0,1.0,매장이 쾌적하고 셀프로 담고 계산까지 할 수 있어서 좋아요.,[] 내맘대로 [] 셀프 마라샹궈(+++ 기본 숙주 100g +++)
REV0200,RES0028,USR0107,3점,2.0,2.0,1.0,"대표마라탕 구성도좋고 맛있는데 가성비까지 좋아서 한번씩 시켜 먹습니다. 
근데 배달시킬때마다 배달 한시간걸리니…
배달이 좀 아쉽네요 ㅠㅠ","대한민국 대표 마라탕(1인분),[ 춘리 마라 ]셀프 마라탕(+++ 기본 소고기 100g +++)"
REV0201,RES0028,USR0006,4점,2.0,2.0,1.0,"천원에 음료가 무제한이에요 내부가 깔끔했어요
마라탕도 무난하게 맛있어요",마라탕
REV0202,RES0029,USR0004,5점,2.0,2.0,2.0,감자탕 푸짐하니 든든하게 먹었어요 고기가 부드러워서 좋네요,감자탕
REV0203,RES0029,USR0005,5점,2.0,2.0,2.0,"20분정도 기다리다가 먹었어요
올때마다 자리 꽉차서 그냥 갔었는데 기다렸어요 
역시 맛나네요 잘먹었습니다.",감자탕
REV0204,RES0029,USR0050,5점,2.0,2.0,2.0,가게도 작고 사장님이 혼자하셔서 음식나오는게 좀느려요.재료소진도 빨리되는편이니 마감시간보다 훨 일찍오셔드셔요,감자탕
REV0205,RES0029,USR0046,5점,2.0,2.0,1.0,"뚝배기 부터가 다른곳보다 커요 ㅋㅋ뼈도 3덩이 들어가있고
이집 깍두기가 맛있어요",뼈해장국
REV0206,RES0029,USR0062,4점,2.0,2.0,1.0,뼈해장국이 푸짐하고 맛있습니다. 술모임뿐 아니라 1인 해장국 혼밥하러 오신 분들도 많은것 같아요.,뼈해장국
REV0207,RES0030,USR0050,5점,2.0,2.0,2.0,"매장은 작으나 분위기좋고 특히 직원언니
매우친절하셨어요!
하이볼은 너무밍밍했지만 안주는 딱!제스탈이었네요^^","칠리가지새우튀김,베이컨 청양크림파스타"
REV0208,RES0030,USR0005,4점,1.0,2.0,2.0,"칠리가지새우튀김은 아주 맛나요
베이컨청양크림파스타는 메콤해도 제 입맛에는 느끼하네요 같이간 지인은 아주맛나게 잘먹었어요 직원 아주 친절해요","칠리가지새우튀김,베이컨 청양크림파스타"
REV0209,RES0030,USR0004,5점,2.0,2.0,2.0,맛있게 잘먹었어요 분위기도 좋고 다음에는 다른메뉴도 먹어보고싶네요,"칠리가지새우튀김,베이컨 청양크림파스타"
REV0210,RES0030,USR0007,4점,2.0,2.0,2.0,"지인들과 분위기 좋게. 파스타와 요리를
시켜서 맛있게 먹었어요~
직원분도 매우 친절해서 기분도 좋았어요","칠리가지새우튀김,크림파스타"
REV0211,RES0031,USR0078,3점,2.0,1.0,1.0,"제일 장점 주차하기 좋아요. 맛은 무난한 편.....
 국물이 맛있어요. 이상한 부분에서 거슬림(콩나물이 왜케 드세요??GMO콩나물?? 왜케 두껍고 거칠지-_-;;) 육전은 저한테는 별로지만
도가니든 곰탕은 엄청 도가니가  너무 맛있어요.
최고 장점은 혼밥, 혼술이 자연스러운 곳임.
일어나자마자 치우러 와서 옷입을 여유도 없어 불편하다는 지인평.","육전국밥,도가니곰탕"
REV0212,RES0031,USR0108,4점,2.0,1.0,1.0,육전이 올라간 소고기국밥 소고기 자체에서 나오는 육즙이 고스라니 국에 녹아내려 구수하고 깔끔한 맛이 괜찮앗습니다,소고기국밥
REV0213,RES0031,USR0005,3점,1.0,1.0,2.0,"맛없어요 그냥 일반적인 대중적인 맛...
특색이 없네요
그냥그냥 집에서도 할수있는 그런맛~
일요일만 10시까지고 다른날은 24시간 이라네요","육전국밥,미소곰탕,미소곰탕정식"
REV0214,RES0031,USR0038,3점,1.0,1.0,1.0,해물김치치즈전에 해물이 푸짐하게 들어감.따뜻할때 먹으면 맛있었음.,"육전국밥,치즈해물김치전,미소곰탕정식"
REV0215,RES0031,USR0038,3점,1.0,1.0,1.0,해물김치치즈전에 해물이 푸짐하게 들어감.따뜻할때 먹으면 맛있었음.,"육전국밥,치즈해물김치전,미소곰탕정식"
REV0216,RES0031,USR0050,3점,1.0,1.0,1.0,"인테리어는 깔끔하고이쁜데...
맛은 내취향아닌걸로..?
주문도 선결제 방식이라 좀 불편한감이..","미소곰탕,육개장"
REV0217,RES0031,USR0007,4점,1.0,2.0,2.0,"육전이 먹고싶어서 집에서는 하기가 좀
번거러워서 육전집을 찿아서 곰탕하고
육전을 잘 먹었네요","미소곰탕,육전"
REV0218,RES0031,USR0109,3점,1.0,1.0,2.0,조금 매운편. 육전은 조금 들어있음. 양에 비해 가격은 조금 비싼것같음.,육전국밥
REV0219,RES0032,USR0004,5점,2.0,2.0,2.0,오리지널후라이드로 담백하니 먹기 좋아요 옛날통닭맛이 있는거같아요,오리지널 후라이드
REV0220,RES0032,USR0110,5점,2.0,2.0,2.0,동네분들이 많이 찾는 치킨맛집. 생맥 500짜리가 그냥 목을 치고 들어가는...몹시 청량함ㅋㅋ 사장님 부부도 친절! 1주1칰힌 가능한 곳,후라이드
REV0221,RES0032,USR0005,5점,2.0,2.0,2.0,"오랜만에 보드람치킨이 먹고 싶어서 배달시켰어요
후라이드한마리 양념반마리 너무 맛나게 잘 먹었습니다","오리지널 후라이드,양념반마리"
REV0222,RES0032,USR0050,5점,2.0,2.0,2.0,"배달시켯는데 가게전화주문하시면 배달비 무료입니다.
자주이용하는 곳이에요",오리지널 후라이드
REV0223,RES0033,USR0111,5점,2.0,2.0,2.0,고추튀김이 제대로입니다.속재료도 신선하고 겉바속촉  식감도 죽여주네요.막걸리도 맛있어요.,"통모짜 치즈 고추튀김,납작만두 무침"
REV0224,RES0033,USR0005,4점,1.0,2.0,2.0,"맛집이라해서 갔어요
근데 쫌 짭짤했어요
담엔 다른거 먹어봐야겠어요",오리지날 고추튀김
REV0225,RES0033,USR0112,4점,2.0,1.0,1.0,"조그만한 가게
고추튀김 맛있어요 화장실이 외부에 있는 게 흠",치즈고추튀김
REV0226,RES0033,USR0002,5점,2.0,2.0,2.0,동네에 새로생겨 갔어요. 역시 맛있는 고추튀김. 맴맴 하이볼은 저한테는 별로였어요,"오리지날 고추튀김,맴맴 스파이시 하이볼"
REV0227,RES0034,USR0004,5점,2.0,2.0,2.0,그냥 쏘쏘였던 라면이였어요~~ 매장은 깔끔한편이고 다양한메뉴가있어요,라면
REV0228,RES0034,USR0005,4점,1.0,2.0,2.0,"지인이 돈가스 맛있다고 해서 갔는데 돈가스가 기름 많이먹은 돈가스네요 
라면은 맛나요","돈가스+라면세트,돈가스"
REV0229,RES0034,USR0113,5점,2.0,2.0,2.0,"동네 맛집이에요 완전!
주인 아주머니도 친절하시고
음식도 맛있어서 기분좋게 먹었습니다.","청국장,비빔밥"
REV0230,RES0034,USR0114,2점,1.0,1.0,1.0,성대시장 바로 옆에 있어 찾아가기 쉬운 곳. 맛은 평범하다. 근데 홀에서 안되는 메뉴가 꽤 있어 손님에게 배려는 없다.,"야채김밥,짬뽕라면"
REV0231,RES0035,USR0115,4.5점,2.0,2.0,1.0,"내 최애 쌀국수 맛집
이젠 많이 생겨서 어디서든 먹을 수 있어 더 좋음","차돌,양지,힘줄 쌀국수,차돌박이 쌀국수"
REV0232,RES0035,USR0116,5점,2.0,1.0,2.0,"근처 공영주차장에 주차하고, 방문했어요!
밖 키오스크에서 주문하고 들어가면 자리안내해주세요! 양 푸짐하고 조용한 분위기입니다","차돌박이쌀국수,차돌양지힘줄쌀국수"
REV0233,RES0035,USR0046,5점,2.0,2.0,2.0,새로생겼길래 가봤는데 차분하고 맛있고 다은에 또 가고싶더요,"양지쌀국수,차돌박이쌀국수"
REV0234,RES0035,USR0006,4점,1.0,2.0,2.0,조용히 먹은수있는 동네 맛집이에요,차돌박이 쌀국수
REV0235,RES0036,USR0004,5점,2.0,2.0,2.0,새우가 싱싱해서 새우구이가 맛있네요 하나하나 까먹는맛이있어요,새우구이
REV0236,RES0036,USR0050,3점,1.0,1.0,2.0,"새우...냉동인가 봐요 상태는별로
테이블에서 구워먹는게아니라 구워서 나오네요
사장님말씀으론 가게환기도 잘안되고 손님들이 냄비태워먹어서 그렇다는데....제생각엔 생물이아니라 그런듯",새우구이
REV0237,RES0036,USR0007,4점,2.0,2.0,2.0,"새우를 좋아해서 자주먹는편인데 
맛이좋아서 기분도 좋아지네요",새우구이
REV0238,RES0036,USR0005,5점,2.0,2.0,2.0,"회싱싱하고 맛나요
자주가는 회집입니다
친절하게 잘해주시고 잘 챙겨주셔요","도미,오징어회"
REV0239,RES0037,USR0050,5점,2.0,2.0,2.0,"밖테이블도 있어서 지인강아지랑 같이 방문 ㅋ
사장님도 친절하셨고 치킨맛도 좋고 술도 시원하니 
좋은시간 보내다 왔네요~^^",크리스피반양념반
REV0240,RES0037,USR0005,5점,2.0,2.0,2.0,"치킨양념 맛집이네요 
야외테이블 있어서 먼지랑 갈이가서 먹을수 있으니 좋았어요","크리스피반양념반,대왕치즈스틱"
REV0241,RES0037,USR0004,4.5점,2.0,2.0,2.0,안주로 치킨먹었는데 맛있네요 후라이드 양념 다 먹기 좋아요,양념치킨
REV0242,RES0038,USR0005,5점,2.0,2.0,2.0,"양념게장 맛집이에요 가끔 사먹고 명절이나 제사때 항상 사다놔요 식구들이 다들 좋아하십니다.
이제 안사다두면 찾으시더라구요",양념게장
REV0243,RES0038,USR0004,5점,2.0,2.0,2.0,게장맛있네요  반찬하기 힘들고 시간없을때 사다먹기 좋더라구요,양념게장
REV0244,RES0038,USR0007,5점,2.0,2.0,2.0,"양념개장 맛집답게 정말 맛있었어요
다른반찬들도 역시 깔끔한게 맛있었어요","양념게장,나물"
REV0245,RES0039,USR0004,5점,2.0,2.0,2.0,누룽지통닭 꼬소하니 맛있네요! 누룽지도 맛있고 닭도구운거라 건강에도 좋을듯해요,누룽지통닭
REV0246,RES0039,USR0007,5점,2.0,2.0,2.0,"닭도 맛있었지만 누룽지맛이좋았어요
서로싸우면서 먹었답니다~",누룽지통닭
REV0247,RES0039,USR0005,5점,2.0,2.0,2.0,"누룽지가 맛있어요
열무김치 같이 주시는데 닭이랑 
어울려서 좋아요",누룽지통닭
REV0248,RES0040,USR0050,5점,2.0,2.0,2.0,"지인이 일하는데 불러서 땡땡이치고 갔어요!
간만에 먹어서 고급안주에 술이 잘들어가더라구요
이집 싱싱하니 맛있어요",참치회 실장스페셜(1인)
REV0249,RES0040,USR0004,5점,2.0,2.0,2.0,참치먹고싶어서 방문했는데 맛있게 잘 먹었어요 오랫만에 기름칠했네요,참치회 스페셜(1인)
REV0250,RES0040,USR0005,5점,2.0,2.0,2.0,친언니처럼 지내는 가족이랑 간만에 외식했어요 참치회 오랜만에 먹으니 맛나요,참치회 1인
REV0251,RES0040,USR0099,5점,2.0,2.0,2.0,"유쾌한 사장님이 반겨주시는 곳
생각보다 너무 맛있어서 놀랐어요!",참치회 실장스페셜(1인)
REV0252,RES0041,USR0080,5점,2.0,0.0,1.0,신대방삼거리 맛집! 매장은 아담하고 고기가 맛있어요! 꼬기.. 또먹고 싶어요 💖,"토시살(150g),닭목살(180g),김치말이국수"
REV0253,RES0041,USR0050,5점,2.0,1.0,2.0,"가격은 부담되지만
인테리어 깔끔하고 간단히 1차하긴 좋은집이에요
이날만그런가 소주는덜시원했다는","토시살(150g),갈비살(150g)"
REV0254,RES0041,USR0005,5점,2.0,1.0,2.0,"첨 가봤어요 고기 신선하고 맛있네요
바로 구워 먹으니 좋쿠요
2~3명 먹기 좋아요","토시살(150g),살치살(150g),갈비살(150g)"
REV0255,RES0041,USR0117,5점,2.0,2.0,2.0,혼자 가볍게 고기에 소주 때리기 좋은 곳 같습니다. 이용시간은 2시간 제한이라 참고하세요.,"갈비살(150g),살치살(150g),토시살(150g)"
REV0256,RES0042,USR0050,5점,2.0,2.0,2.0,"강아지 동반카페라는 점이 마음에 들고 커피가격도 저렴한편이라 마음에들어요!
단점이라면 사장님 친절하고 좋은데 혼자하시는 카페라 메뉴가 늦게나오는 편이에요","알코브라떼,아메리카노"
REV0257,RES0042,USR0002,4점,2.0,1.0,2.0,카페라떼 맛있어요. 치즈캐이크도 맛있는데 너무 작아요 ㅠ,"카페라떼,말차라떼,바스크치즈케이크"
REV0258,RES0042,USR0077,5점,2.0,2.0,2.0,"우선 인테리어가 너무너무 예쁘고, 음료도 맛있어서 좋았어요!!","아메리카노,자두에이드"
REV0259,RES0042,USR0082,3점,1.0,1.0,1.0,매장이 깔끔하며 테이블 높이가 낮아서 대화하기에 알맞은 곳이예요음료나 디저트는 괜찮았어요,"아메리카노,딸기티라미수,밀크티"
REV0260,RES0042,USR0118,3점,2.0,1.0,2.0,"카페 분위기랑 인테리어 좋아요
음료 맛도 괜찮아요! 추천 합니다",아이스아메리카노
REV0261,RES0043,USR0005,5점,2.0,2.0,2.0,동네 회집인데 오랜만에 가봤어요 양많고 물회 맛있네요 아주 잘먹고 왔어요,"황금스페셜,물회"
REV0262,RES0043,USR0004,5점,2.0,2.0,2.0,스끼다시도 다양하고 회도 신선해서 맛있게 잘 먹었어요!!,황금세트
REV0263,RES0044,USR0005,3.5점,2.0,1.0,2.0,"우리 동네 오픈해서 가봤어요
자리가 비좁은편이더군요
고기랑 밑반찬 맛나요 설렁탕은 기름이 많이 떠 있어서 느끼했어요","삼겹살,숯불국밥,설렁탕,소곱창"
REV0264,RES0044,USR0062,4점,2.0,2.0,2.0,숯불구이 고기가 있어서 상호를 숯불국밥으로 지은듯. 국밥과 숯불은 관련이 없어보여요. 근데 새로 생겨서인지 음식 깔끔하고 맛있습니다.,"국밥,곰탕"
REV0265,RES0045,USR0050,5점,2.0,1.0,2.0,"생일파티로 가봤는데 메뉴가 다양하긴하나 술안주라 그런지 좀 짠편이에요
발리컨셉으로 이쁜 인테리어라 그런지 젊 은층 손님들이 많아 시끄러워요
가격도 시그니처메뉴라 그런지 저렴한편은 아니었어요
주문하면 직원반응 빠르진않아요","시그니처A,시그니처B"
REV0266,RES0045,USR0005,5점,2.0,2.0,2.0,"가성비 좋쿠 안주 종류 많아요
근데 갈때마다 좌석이 없어요
그래서 자주 못가긴했어요","파인애플,오징어소면"
REV0267,RES0045,USR0004,5점,2.0,2.0,2.0,저녁먹을겸 시원하게 맥주랑 같이먹으려고 포차갔는데 잘 먹었어요,발리다 바베큐 플래터
REV0268,RES0045,USR0007,4점,2.0,2.0,2.0,"안주종류도  다양하고 분위기도 좋았어요
종류가 여러가지라 여럿이가서 취향에
맞춰서먹고 좋았어요","시그니처A,치즈 불 막창"
REV0269,RES0046,USR0055,3.5점,1.0,2.0,1.0,간단하게 3차 정도에 오기 좋은 포차에요. 야장가능한 날씨에 오면 좋아요,부추전
REV0270,RES0046,USR0119,4점,2.0,2.0,2.0,"비 오는 날 한잔 하려고 방문했는데 음식도 저렴하고 맛있어서 엄청 시켜먹규 왔어요 ㅎㅎ
신대방삼거리 근처 오시면 강추합니당",매운닭발
REV0271,RES0046,USR0005,3점,1.0,2.0,2.0,"음~~  오징어볶음 매우 매웠어요 그래서 소면 추가해서 먹었더니 쫌 낫더라구요
소주 안시원해서 실망했는데 주인분이 냉동보관했다가주셔서 시원하게 먹었어요
안주는 그닥 맛나진 않치만 분위기가 좋아서 잘먹었습니다","오징어볶음,스팸계란"
REV0272,RES0046,USR0050,3점,1.0,1.0,1.0,"오징에볶음 너무매워서 소면추가 했는데
그래도 매워요!
맛은 보통이고 소주 안시원해서 별로였어요
일곱시쯤갔는데..","오징어볶음,스팸계란"
REV0273,RES0046,USR0120,3점,1.0,1.0,1.0,야외테이블이 있어서 좋았어요! 맛은 그냥 그럭저럭 나쁘진않음! 분위기가 좋아서 또 가고싶어요,"두부김치,계란말이"
REV0274,RES0047,USR0005,5점,2.0,2.0,2.0,"사장님 센스 좋으십니다  
동네 동생이 비오는날 가자고 해서 기대안하고 갔는데 너무 만족이네요 단골집으로... ㅋ
다 맛나요  천연조미료 사용하셔요 짱!!","매콤낙지우동볶음,맑은 바지락탕,김치찜,모듬튀김"
REV0275,RES0047,USR0050,5점,2.0,2.0,2.0,"가게는 작지만 사장님 음식솜씨가 끝내줘요
김치찜 왕추천
혼자가셔도 사장님이 말동무도 해주실꺼에요
양도 적당히 나오고 처음처럼 소주 없었는데 최근들여놓으셨어요!👍","텐동,김치찜,모듬튀김"
REV0276,RES0047,USR0004,4.5점,2.0,2.0,2.0,술안주로 먹기 좋아요 맥주안주도 다양하고 즐거웠어요~~~,부타노가쿠니(돼지고기조림)
REV0277,RES0048,USR0005,5점,2.0,2.0,2.0,동생이랑 술 잘먹고 김밥샀어요 아침에 먹으려고 샀었는데 잘먹었습니다,야채김밥
REV0278,RES0048,USR0061,4점,2.0,1.0,1.0,길가다 우연히 들어갔는데 맛있게 잘 먹고 갑니다. 주변에 자취러들이 많이 찾는 곳이네요,야채김밥
REV0279,RES0049,USR0005,5점,2.0,2.0,2.0,"곱창 별로 안좋아하는데 이날은 먹을만 했어요
동생들 하고 좋은 시간 보냈어요",모듬 (200g)
REV0280,RES0050,USR0005,5점,2.0,2.0,2.0,"아들이랑 아침먹었어요
맛은 있는데 너무커서 먹기가 힘들어요 ㅋ
너무 커서 한두개 먹어도 배가 부르네요","참치김밥,B세트:기본,불고기.참치,날치알"
REV0281,RES0050,USR0050,5점,2.0,2.0,2.0,"매장 이전하고 가봤는데 역시 맛있네요!
사이즈 크고 금방 배가차요",참치김밥
REV0282,RES0051,USR0005,5점,2.0,2.0,2.0,"테이크아웃해서 집에와서 먹었어요
커피진하고 맛나네요
맛나게 잘먹었어요",아메리카노
REV0283,RES0051,USR0007,5점,2.0,2.0,2.0,시원하게 마시고 싶어서 아메리카노 마셨는데 시원하고 좋았어요,아메리카노
REV0284,RES0051,USR0050,5점,2.0,2.0,2.0,"가격저렴하고 커피 괜찮아요
케익도 저렴한데 정말맛있어요",아메리카노
REV0285,RES0052,USR0063,5점,2.0,2.0,2.0,"장보러갔다가 쌈밥이땡겨서 방문했어요 
반찬도 잘나오고 제육도 맛있어요 
쌈종류도많아서 너무좋았어요 
보리밥정식도많이드시는거같은데
쌈밥정식강추합니다!",제육쌈밥(2인이상)
REV0286,RES0052,USR0050,5점,1.0,2.0,1.0,"매장은 크고 좋아보이나 손님 반겨주지도 않고 콩나물도 상해있더라구요
쌈야채는 신선했어요",낙지쌈밥(2인이상)
REV0287,RES0052,USR0077,5점,2.0,2.0,2.0,여러가지 반찬들부터 많은 종류의 쌈채소까지 엄청 깔끔하고 맛있었어요!! 자주 갈 것 같아요오,제육쌈밥(2인이상)
REV0288,RES0052,USR0005,4점,1.0,1.0,2.0,"맛이 그냥그냥 그러네요
콩나물이 쉬었어요
콩비지는 먹을만했어요","낙지쌈밥(2인이상),오징어쌈밥(2인이상)"
REV0289,RES0052,USR0121,5점,,,,,
REV0290,RES0053,USR0005,5점,2.0,2.0,2.0,생일이라고 동생들이 밥 사줬는데 너무 만족하면서 잘먹었어요,매생이연포탕
REV0291,RES0054,USR0005,5점,2.0,2.0,2.0,"동네 붕어빵 맛집입니다
오며가며 자주 사먹어요
사장님 친절하시고 좋으십니다",붕어빵
REV0292,RES0055,USR0122,5점,2.0,1.0,1.0,직원들이 한국어 조금 할줄 아는 중국인들인듯? 그래도 주문에 어려움은 없었고 맛있음,[주문폭발]셀프마라탕(중(2~3인)900g)
REV0293,RES0055,USR0123,5점,2.0,1.0,1.0,처음 시켜먹어보는 곳이었는데 마라향이 강하지 않아서 좋았어요 :) 꿔바로우도 잘 먹었습니다.,"마라샹궈(100g)당,꿔바로우(소)"
REV0294,RES0056,USR0005,5점,2.0,2.0,2.0,"새로.생겨서 가봤어요
가성비좋쿠 맛나네요
동생들이랑 잼나게 잘먹고.왔어요","연어구이,새우"
REV0295,RES0057,USR0005,3.5점,1.0,1.0,2.0,"아들이랑 간만에 가서 먹었어요
약간 고기냄새나서 그냥그랬어요",뼈해장국
REV0296,RES0057,USR0124,3점,1.0,2.0,2.0,국물이 고소하고 맛있어요 고기가 부드러워요 순대는 그냥그래요,큰맘순대국
REV0297,RES0058,USR0005,5점,2.0,1.0,1.0,"동네 지나가다가 새로 생겨서 가봤어요 초밥도 먹고싶어서… 맛있어요
근데 고기초밥은 냄새나드라구요","모듬초밥11PS,오늘의오마카세12PS"
REV0298,RES0058,USR0050,4점,2.0,2.0,1.0,"가성비대비 맛있어요
24시치곤 퀄리티무난하고
셀프계산점이라 어르신들은 불편할듯하지만
언제든지 이용할수있어 유용할듯합니다","모듬초밥11PS,오늘의오마카세12PS"
REV0299,RES0058,USR0125,4점,2.0,2.0,2.0,후토마끼 너무커요 ㅠㅠㅋㅋ 초밥구성도 좋고 맛있어여 가성비 좋아서 가끔씩 찾을거같아요 ㅎㅎ,"오늘의오마카세12PS,후토마끼"
REV0300,RES0059,USR0126,5점,2.0,2.0,2.0,"배달로 시켜먹었는데 맛있게 잘 먹었어요.
치킨은 완전 바삭 바삭한건 아니에요. 저는 양념이 일반보다는 훨씬 맛있었어요. 근데 저는 호치킨에서 호차오 치킨이 제일 맛있는 것 같아요. 호치킨에서 뭐 시켜드신다하면 호차오치킨을 추천해요. 비빔우동은 그냥 쫄면맛입니다. 매콤비빔우동이라 너무 매우면 어쩌나 고민하시는 분도 있을 것 같아요. 다행히 매워서 못먹을 정도 아니에요. 하지만 맵찔이는 추천안해요. 신라면보다는 약간 더 매운 느낌이었아요. 개인적으로 양념이 우동면보다는 일반소면이랑 어울리는 것 같아 아쉬웠어요.. 그래도 우동면이 아주 탱글해서 맛나긴했어요.","매콤비빔우동,반반치킨"
REV0301,RES0059,USR0002,4점,2.0,1.0,2.0,"치맥이 당겨서 방문했어요. 크리스피 간장 반반치킨 먹었는데 간장이 특히 맛있었어요.
닭이 작아서 조금 아쉽긴해요",반반치킨
REV0302,RES0059,USR0080,5점,2.0,1.0,2.0,호치킨의맛도리는 로제떡볶이입니다.. 떡이 면처럼 길고... 마싯쯈...,"로제떡볶이,간장치킨"
REV0303,RES0059,USR0077,5점,2.0,2.0,2.0,가성비맛집!! 갓튀겨 나와서 너무너무 맛있어요 사장님도 왕 친절하십니다!!,반반치킨
REV0304,RES0060,USR0057,4점,2.0,1.0,1.0,다이어트식인가 싶을정도로 양이 많아 든든해서 좋았어요! 고기양도 많고 사우젼드레싱에 먹으니 맛있었습니다.,비프 스테이크 포케
REV0305,RES0060,USR0080,4점,2.0,0.0,2.0,친절하세요~ 포케도맛있고 샐러드도 맛있음.. 비싸긴하지만 요즘엔 다 비싸니까옹,오리훈제 샐러드
REV0306,RES0061,USR0005,5점,2.0,2.0,2.0,"아주 맛집이네요 지인이랑 자주 갑니다
동네 맛집 찾았어요 ㅋ",명란구이
REV0307,RES0062,USR0127,5점,2.0,2.0,2.0,"양은이네 세트를 3명이서 먹었는데
정말 배부르게 먹었어요~
정말 최고에요
동태탕에 고니와 알이 엄청많이 들었어요
강추!!!",양은이네 세트
REV0308,RES0062,USR0005,5점,2.0,2.0,2.0,"우리동네 새로 오픈한곳인데 지인이 맛나다고해서 가봤어요
맛나게 잘먹고 왔어요",양은이네 세트
REV0309,RES0062,USR0128,4.5점,2.0,2.0,2.0,"동태탕맛잇구요~~
오징어 보쌈끝내주네요
냉면까지 셋트가격이 가성비굿이네요",양은이네 세트
REV0310,RES0063,USR0106,3.5점,2.0,2.0,2.0,"음식양이 많은 편이라 두 명이서 메인 음식, 사이드 음식 하나로 시켜 드셔도 충분할 것 같아요.",해물 볶음밥
REV0311,RES0064,USR0129,5점,2.0,2.0,2.0,안에 좌석은 2개 정도 있었고 주문하면 바로 만들어줘요. 정말 맛있어용,"경성꽈배기 3개,팥도넛츠,감자고로케"
REV0312,RES0064,USR0130,4점,2.0,2.0,1.0,"신대방 성대시장에 위치 한 꽈배기 집. 시장에 있는 꽈배기집이지만 체인점인 것 같다. 매장앞으로 긴 줄이 있는 것 만으로도 인기를 실감하는 곳, 재료시 마감된다고 한다. 그냥 간식겸 먹었는데 쫀득한 식감이고 팥 도너츠도 쫀득하다. 간식으로 종종 사먹으로 갈 곳!","찹쌀꽈배기,팥도너츠"
REV0313,RES0065,USR0005,5점,2.0,2.0,2.0,"날씨 꾸리꾸리한날 동생들하고 전집가서
먹었어요 아주 맛나게 먹고왔어요",모둠전
REV0314,RES0066,USR0131,5점,2.0,1.0,2.0,오오 이런 신선한 조화라니요! 넘 좋았습니다. 시래기와 불고기의 만남!! 그것도 신선로에 말이죠. 불고기만 먹음 살짝 느낄 수도 있을텐데 시래기와의 조화 넘 좋았습니다. 벽면에 이런 문구가 씌여져 있었습니다. '하늘과 바람과 별과 시래기' 넘 와닿았어요. 진심으로요. ㅎㅎㅎ 저는 시래기 불고기 2인분을 먹곤 왠지 아쉬워서 밥을 하나 시켜서 죽을 만들어 먹었는데 이것 또한 별미더라고요(원래는 볶음밥이 되냐고 여쭤봤으나 안된다고 하여 죽으로 바로 변경!!). 마지막 밥까지 싹싹 긁어먹고 나오니 어찌나 든든하던지요. 동네주민들의 단골 식당인듯한데 저도 거리만 가까우면 또 가보고싶을 정도로 기억에 남는 맛이었어요. 불고기 찍어먹으라고 주시는 레몬소스도 짱!!,시래기불고기
REV0315,RES0066,USR0132,5점,2.0,2.0,2.0,"깔끔하고 맛있네요
다른메뉴도 시켜서 먹어보고 와야겠어요","막국수,소고기보신탕"
REV0316,RES0066,USR0109,4점,2.0,1.0,2.0,건강한 식재료와 함께 먹는 불고기라 맛있지만 가격이 비싼편인듯.,시래불고기
REV0317,RES0066,USR0133,3점,1.0,1.0,2.0,기대한것보다는 쏘쏘. 그래도 건강식 같아서 나쁘지는 않음,"시래불고기,봉평메밀막국수 (물/비빔)"
REV0318,RES0066,USR0046,4점,2.0,2.0,2.0,"대체적으로 맛이 좋아요.
시래기정식이라고 국도 시래기국이네요 ㅋㅋ",시래기정식
REV0319,RES0067,USR0002,5점,2.0,2.0,2.0,토요일 점심 방문. 하와이안피자 별로 안 좋나하는데 맛있었고 도우가 쫄깃해서 빵까지 다 먹었어요! 재방문의사 있어요!,"하와이안 SLICE,쉬림프 피자 SLICE"
REV0320,RES0067,USR0077,5점,2.0,2.0,2.0,페퍼로니랑 갈릭디핑 쉬림프 하프앤 하프 주문했는데.. 정말 갓 나온 피자 너무 따끈따끈 맛있어요 ㅜㅜㅜ 버팔로윙도 대 추천!!,"감자튀김,버팔로윙,레귤러 하프앤하프,테라 생맥주 (400ml)"
REV0321,RES0067,USR0016,5점,2.0,2.0,2.0,기대이상으로 맛있어요 ! 도우도 쫀득하고 토핑도 실하고,"하와이안 SLICE,쉬림프 피자 SLICE"
REV0322,RES0068,USR0005,4.5점,2.0,1.0,2.0,"우연히 가봤는데 맛이.있었어요
분위기 좋쿠.맛도 좋았어요",하와이안 피자 한판
REV0323,RES0069,USR0134,3.5점,2.0,1.0,1.0,"이근처 한의원갔다가 마침 저녁때라 저녁먹으러 들어간집.
오랜만에 생선구이가 먹고싶었다. 고등어구이와 솥밥이 한세트. 고등어는 뱃살 흰부분을 좋아하는데 흰부분이 별로 없다.  소금간 좋아하는데 간장 찍먹스타일이고 반찬들은 다소 간이 쎄다.  솥밥도 누룽지가 잘 눌지 않았다 . 여러모로 만족스럽진 않은 식사였다.",고등어구이
REV0324,RES0069,USR0046,3점,1.0,2.0,1.0,"백반이 생기고 가게이름이 바뀌었길래 가봤어요.
매일 생선종류가 밖는듯하지만
바싹익힌 생선 좋나하시는 분들은 별로 안맞아요",백반
REV0325,RES0070,USR0005,4점,2.0,1.0,2.0,"두쫀쿠 궁금해서 샀어요
넘비싸긴합니다
아들이 맛나다고 하네요",두쫀쿠
REV0326,RES0071,USR0082,5점,2.0,2.0,2.0,사람들도 엄청 많고 곱창이 진짜 맛있어요ㅜㅠ 사진볼때마다 가고싶고 앞으로 자주 갈 곱창집입니다,모듬구이
REV0327,RES0071,USR0135,5점,2.0,1.0,2.0,"신대방에서 먹었는데 정말 사장님들이 젊으셔서 그런지 맛도 젊은? 무튼 맛나요!
이번엔 회사 근처에 봉천점이 생겼대서 갔는데 처음 먹은 인생곱창에 반하고 이번에 또 반하고 갑니당! 특히 대창이..진리
섭스로 주신 묵사발 감사합니다🖐🏻",대창 곱창
REV0328,RES0071,USR0136,5점,2.0,1.0,2.0,"기름 자글자글한 곱창만 먹었었는데
여긴 진짜 음식 깔끔하고 곱창집이라기엔
깨끗하고 친절함. 프렌차이즈느낌인데
그건아니라고하네요
웨이팅이 많은게 좀 아쉽지만
곱창맛집 찾는 사람이면 방문해봐야할 곳이네요","곱창2인분,볶음밥"
REV0329,RES0071,USR0137,5점,2.0,2.0,2.0,"저는 야들야들하게 연육한 곱창은 제 내장도 같이 녹는 느낌이라 싫어요 
여기곱창은 신선 쫄깃쫄깃 그자체에요!젊은 사장님들이 하셔서 그런지 모든게 신선하고 너무 맛있어요!
서울 회사 근처보다 양도 많고 더 저렴해요!
비싸다고하신분은 냉동곱창이나 돼지곱창이랑 비교하신게 아닐까 싶네요~
오픈하고 쭉 단골이에요 아...곱맥 땡기네요
여기는 두번가세요~ 아니 세번가세요~","곱창,모듬,묵사발,볶음밥"
REV0330,RES0071,USR0138,4점,1.0,1.0,2.0,"회식장소 또는 근처에 들르면 적합합니다
냄새없고 친절하고 맛있어요",모듬구이
REV0331,RES0071,USR0139,3점,1.0,0.0,2.0,"곱창맛은 여느 집과 다를 것 없음. 서비스 좋고, 빠름. 단 양에 비해 가격이 좀 비싸고, 너무 시끄러워서 말이 안들림. 찾아가서 먹을 정도는 아님.",모듬곱창
REV0332,RES0072,USR0005,5점,2.0,2.0,2.0,"성대시장에 있는 반찬가게입니다
다 맛나고 친절하시고 양도 많이 주시고 저렴해요",깟잎
REV0333,RES0073,USR0005,3점,0.0,1.0,2.0,"동생들하고 저녁먹었어요 수제비에 한잔했는데…
맛이 별로였어요 ㅠㅠ",오리지널수제비
REV0334,RES0073,USR0140,5점,2.0,2.0,2.0,"국물이 아주 끝내주는 멸치육수 맛이었어요
가성비 끝판왕 이네요  또 갈꺼에요 
안먹어본사람은 있어도  한번먹은 사람은 없을 곳이네요~",오리지널수제비
REV0335,RES0073,USR0141,4점,1.0,2.0,2.0,"손수제비라 그런지 수제비가 되게 부드럽고 식감이 좋다!
다만 멸치를 너무 우렸는지 육수에서 멸치 비린맛이 느껴진다 
김가루 넣으면 괜찮음
보리밥도 무료라 보리밥+수제비한끼 먹기 굿",오리지널수제비
REV0336,RES0073,USR0142,4점,2.0,2.0,2.0,여름이라 오후 4신가 5시 이후에 연다. 맛있음. 가격은 예전보다 올랐음. 친절하심.,매운?칼칼수제비
REV0337,RES0073,USR0143,4점,2.0,2.0,2.0,맛있음.. 포장도 됨.. 근데 가끔 안열때도 있음..  수제비 뜯는거 신기함..,수제비
REV0338,RES0074,USR0000,4점,2.0,1.0,1.0,위치는 엄청 좋다고는 할 수 없지만 그래도 식당 자체는 깔끔하고 자리도 어느 정도 있었습니다. 돈까스를 좋아하는 편이라 추천 받아서 간 곳인데 추천해주신 이유를 알 것 같았습니다. 돈까스가 튀김옷이 두껍지는 않은데 바삭바삭하고 하나하나의 길이도 좀 긴 편이어서 먹기에 좋았습니다. 다양하게 와사비랑 소금 조합으로도 즐길 수 있고 돈까스 소스 찍어먹어서 즐길수도 있고 선택지가 많은데 저는 돈까스 소스 맛있게 찍어먹었어요 ㅎㅎ 사람들이 끊임없이 찾아서 오는 느낌이었고 배달도 되는듯해서 그런 점이 좋아보였습니다. 돈까스 좋아하시는 분들에게 추천합니다.,특 모둠 카츠
REV0339,RES0074,USR0144,5점,2.0,2.0,2.0,"다양한 메뉴의 매력을 한껏 느낄 수 있는 카츠디나인 신대방삼거리 본점! 🍜🍽️ 인스타그램과 페이스북에서 ‘핫플’로 소문난 만큼, 돈까스는 ‘바삭! 쫄깃!’한 식감과 함께 김치카츠나베우동, 카레돈까스 등 사이드 메뉴들이 감동적입니다 🤩💥. 400시간 진공 빙온숙성 한돈과 도드람포크의 예술적 맛 덕분에 신대방돈까스, 보라매병원돈까스, 줄서는맛집 키워드를 완벽하게 만족시켜요! 👍🎊😊🚀","안심 돈카츠(히레),특 모둠 카츠"
REV0340,RES0074,USR0145,5점,2.0,2.0,2.0,"이 집 돈까스 한 번 먹으면 다른 데 못 간다 🍽️✨
히레카츠는 바삭하면서도 촉촉했고, 로스카츠는 씹을 때마다 풍미가 살아났다. 김치카츠나베 국물이 진하고 얼큰해서 튀김과 함께 먹으면 감칠맛이 배가 💯 모둠카츠는 여러 부위를 골고루 즐길 수 있어서 가성비 최고였다.
모밀소바도 깔끔한 국물 덕분에 느끼함 없이 마무리할 수 있었다. 신대방삼거리맛집, 보라매공원맛집으로 강력 추천! 🚀🔥",안심 돈카츠(히레)
REV0341,RES0074,USR0146,5점,2.0,2.0,2.0,"신대방삼거리에서 이렇게 퀄리티 좋은 돈카츠집 찾기 힘들었는데, 드디어 발견! 고기도 두툼하고, 튀김옷이 가벼워서 바삭함이 오래가요. 밥이랑 장국까지 리필 가능해서 푸짐하게 먹을 수 있어서 더 좋았어요.","안심 돈카츠(히레),특 모둠 카츠"
REV0342,RES0074,USR0147,5점,2.0,2.0,2.0,"튀김, 국물, 면까지 완벽한 곳 🍜✨
히레카츠는 부드러우면서 튀김이 바삭하고, 로스카츠는 씹을수록 깊은 맛이 났다. 김치카츠나베 국물은 얼큰하면서 감칠맛이 도는 게 최고였고, 모둠카츠는 여러 부위를 한 번에 맛볼 수 있어서 선택장애 해결!
모밀소바까지 곁들이니 튀김의 바삭함과 시원한 국물이 완벽한 밸런스를 이루었다. 보라매병원돈까스, 신대방삼거리맛집으로 강추! 🚀🔥ㅔ","안심 돈카츠(히레),김치 카츠 나베,등심 돈카츠(로스)"
REV0343,RES0074,USR0148,5점,2.0,2.0,2.0,"한 끼 제대로 먹고 싶다면 여기! 🍽️✨
히레카츠와 로스카츠의 차이를 확실하게 느낄 수 있었고, 모둠카츠로 다양한 부위를 한 번에 즐길 수 있어 좋았다. 김치카츠나베 국물이 진하고 깊어서 튀김과의 조화가 최고였고, 모밀소바는 튀김의 바삭함을 살려줘서 돈까스와 찰떡궁합이었다.
깔끔한 매장과 친절한 직원들 덕분에 더욱 만족스러운 식사였다. 신대방삼거리돈까스, 보라매공원맛집으로 강력 추천! 🚀🔥","안심 돈카츠(히레),김치 카츠 나베"
REV0344,RES0074,USR0149,5점,2.0,2.0,2.0,"치즈돈까스가 이렇게 맛있을 수 있다고?! 😍🧀
SNS에서 핫하길래 방문했는데, 치즈가 ‘쭈~욱’ 늘어나면서 고소한 풍미가 최고였어요! 🤤💥
특히 히레카츠의 바삭함과 치즈의 부드러움이 완벽한 조합! 김치카츠나베우동도 같이 먹었는데, 국물까지 완벽! 🍜🔥
신대방돈까스, 보라매공원맛집, 가성비 좋은 줄서는맛집 인정합니다! 🚀✨","안심 돈카츠(히레),특 모둠 카츠,치킨카츠(토리카츠),모둠 돈카츠"
REV0345,RES0074,USR0150,4.5점,2.0,1.0,1.0,"음식 맛있구요. 언제 어느 시간에 방문하든 사람이 많은 곳이에요. 사람은 많지만 서비스, 음식 퀄리티는 일정해서 좋아합니다. 특히 히레카츠가 부드러워서 너무 맛있어요 
+ 주차는 불편하니(2자리 내지 3자리 외에 주차불가) 도보 방문 추천드립니다.","안심 돈카츠(히레),김치 카츠 나베,치즈롤 돈카츠"
REV0346,RES0074,USR0151,5점,2.0,2.0,2.0,"평일 낮에도 웨이팅이 있을 정도로 인기🔥 있는 곳이었다. 대기 공간이 따로 마련되어 있어 기다리는 동안 불편함이 없었고, 테이블 회전율도 빨랐다.
김치카츠나베는 깊고 진한 국물 덕분에 튀김과의 조합이 좋았고, 모밀소바는 가벼운 식사를 원할 때 곁들이기 적절한 메뉴였다. 전반적으로 음식의 완성도가 높았고, 매장도 깔끔해 신뢰가 갔다. 신대방삼거리에서 웨이팅을 감수할 만큼 가치 있는 곳이다.","안심 돈카츠(히레),모둠 돈카츠,김치 카츠 나베,순메밀 자루소바"
REV0347,RES0074,USR0152,5점,2.0,2.0,2.0,"다양한 메뉴로 유명한 카츠디나인 신대방삼거리 본점을 방문했습니다! 🍽️🍜
인스타그램과 페이스북에서 핫플로 소문난 만큼, 돈까스의 ‘바삭! 쫄깃!’한 식감과 함께 김치카츠나베우동, 카츠산도 등 메뉴 하나하나가 감동적이에요! 🤩💥
포장맛집으로도 인정받은 이곳은 깔끔한 청결도와 위생 상태에 마음이 놓입니다! 😌🚻
신대방돈까스, 보라매병원돈까스, 가성비 맛집으로 강력 추천! 👍🎉😄💫😊","안심 돈카츠(히레),비프 카레 돈카츠,등심 돈카츠(로스)"
REV0348,RES0074,USR0153,5점,2.0,2.0,2.0,"치즈가 핵심! 치즈돈까스 맛집 카츠디나인 신대방삼거리 본점! 🍽️🧀
돈까스 한 입 먹자마자 ‘바삭!’ 소리와 함께 치즈가 ‘쭈~욱’ 늘어나면서 풍미 폭발! 🤤💥
김치카츠나베우동, 자루소바, 카레돈까스까지 다양하게 즐길 수 있어서 메뉴 선택도 즐거웠어요! 🎉🔥
신대방삼거리맛집, 가성비 갑, 줄서는맛집으로 강력 추천합니다! 🚀💯","모둠 돈카츠,안심 돈카츠(히레),김치 카츠 나베"
REV0349,RES0074,USR0002,5점,2.0,1.0,2.0,기대안했는데 대박 맛있는 카츠 맛집. 저는 로스카츠보다 히레카츠가 더 맛있었네요. 신대방삼거리 돈카츠맛집 인정이요~!,"프리미엄 특로스 카츠,안심 돈카츠(히레)"
REV0350,RES0074,USR0008,3점,1.0,1.0,2.0,"매장앞 2자리 주차가능, 캐치테이블 웨이팅 가능합니다. 좌석간 간격 넓고 1인석부터 6인석까지 있습니다. 안심까스는 부드러우나 잡내가 살짝 났고, 등심까스는 지방부위에서도 잡내가 전혀 없었으나 조금 뻑뻑했습니다.","안심 돈카츠(히레),등심 돈카츠(로스)"
REV0351,RES0074,USR0039,5점,2.0,2.0,2.0,"재방문의사 100동네 숨은 맛집인데 유명세타서 웨이팅있음(주말기준 30분 이상인듯)안심카츠는 정돈 등 타 돈까스보다 맛나고 무엇보다 소금, 트러플오일, 돈까스소스 등등 한가지 돈까스를 다른 맛으로 느낄 수 있는 옵션이 훌륭다른 카레나 김치나베돈까스도 맛남 추천~!","모둠 돈카츠,안심 돈카츠"
REV0352,RES0074,USR0154,5점,2.0,2.0,2.0,"신대방 1대장 돈까스집 오랜만에 왔어요
진짜 개존맛이라 더이상 설명이 필요없음",모둠 돈카츠
REV0353,RES0074,USR0155,4.5점,2.0,1.0,2.0,진짜 너무너문 마싯어요 ㅠㅠ 오픈런하면 대기ㅜ없이 먹을 수 있습니다 돈가스가 미쳣어요,모둠 돈카츠
REV0354,RES0074,USR0156,5점,2.0,2.0,2.0,"분위기 조용하면서 깔끔하고, 치즈롤 돈가스 진짜 맛있었어요👍",치즈롤 돈카츠
REV0355,RES0074,USR0157,5점,2.0,2.0,2.0,너무 맛있어요! 양도 많고! 특히나 매장이 넓고 쾌적해서 놀랐어요~~ 친절하신건 덤!!,"안심 돈카츠,돈카츠 카레"
REV0356,RES0074,USR0158,5점,2.0,2.0,2.0,,"안심 돈카츠(히레),특 모둠 카츠,치즈롤 돈카츠"
REV0357,RES0074,USR0159,3점,1.0,1.0,1.0,"모둠 카츠와 카레를 주문해서 먹었습니다.
카레 정식은 비추천해요.  오랜만에 카레가 너무 먹고 싶어서 
주문했는데 카레도 같이 나온 카츠도 별로였네요
모둠 카츠에 있는 돈까스는 괜찮았어요","모둠 돈카츠,돈카츠 카레"
REV0358,RES0074,USR0062,5점,2.0,2.0,2.0,돈까스가 아주 바삭하고 맛있어요. 근래 먹어본 돈까스 중에 제일 맛있습니다. 종종 재방문할것 같아요.,"돈카츠,돈카츠카레"
REV0359,RES0074,USR0080,5점,2.0,1.0,2.0,신대방삼거리 깔끔한 돈까스 일식 맛집~ 맥주랑 같이 먹으면 아주 맛이뜸🤍,"안심 돈카츠(히레),쫄면"
REV0360,RES0074,USR0160,5점,2.0,2.0,2.0,,모둠 돈카츠
REV0361,RES0075,USR0050,5점,2.0,2.0,2.0,"사장님 친절하셨고 사진찍을수 있도록 건내주는 조명에 감동 ㅎㅎ 음식 맛있었고
바 식으로 되있어서 단체로는 못갈듯해요","두부가지라구요,대가리비 조개 새우술찜 파스타추가"
REV0362,RES0075,USR0005,5점,2.0,2.0,2.0,처음 가봤는데 사장님 친절하게 설명해셨어요 기분좋게 동생이랑 잘먹고 왔습니다,"두부가지라구요,해물 모든 짬뽕파스타"
REV0363,RES0075,USR0161,5점,2.0,2.0,2.0,"신대방동 보라매자이더포레스트 상가 이자카야 맛집!다찌석만 있는데 오붓하게 술한잔 기울이기 좋고
메뉴 리스트가 그날그날 제철에 따라 바뀌는데
가성비가 훌륭하다. 안주 가격이 무려 1~2만원대!!사진은 시마아지(흑점줄무늬 전갱이) 사시미와
생대구 맑은탕.
귀하디 귀한 시마아지 사시미를 
사장님이 다찌 앞에서 직접 떠주시는데
마치 오마카세를 먹는 듯한 느낌이 들었다. 
고소하다 못해 기름진 맛이 일품이었던 시마아지 사시미. 생대구 맑은탕도 개운한 것이 해장용으로도 일품. 1인 식당임에도 안주가 꽤 빨리 세팅되는 편이고 
전통주 리스트가 다양한 것도 장점!!주차도 상가에 가능","잿방어사시미,생대구맑은탕,니모메전통주"
REV0364,RES0075,USR0162,5점,2.0,2.0,2.0,"동네에서 제일 좋아하는 술집이예요~
데이트로도 좋고 혼술가기도 좋은 분위기에 안주도 다맛있어요 사장님도 너무 친절하셔서 갈때마다 기분좋은곳! 무조건 추천!","우니단새우관자삼합,돈페이야끼"
REV0365,RES0075,USR0006,5점,2.0,1.0,2.0,동네 숨은 맛집이에요. 사장님이 친절하고 맛도 좋아서 기념일에 방문하기 딱 좋습니다.,"대가리비 새우술찜,계절 모듬 사시미"
REV0366,RES0075,USR0077,5점,2.0,1.0,2.0,항상 먹는 두가지메뉴!! 사시미 너어무 신선하고 두껍고 최고 맛있어요ㅠㅠㅠ 설명도 잘해주셔요 친절한 사장님!!,"계절 모듬 사시미,돈페이야키"
REV0367,RES0076,USR0080,5점,2.0,0.0,2.0,마라샹궈.. 맛있고 크림새우가 아주 맛있으니 반드시 드십시오.. 공기밥 무료이고 자꾸 생각납니다..🙆🏻‍♀️,"마라샹궈,크림새우"
REV0368,RES0076,USR0006,3점,1.0,1.0,1.0,친구와 점심시간에 방문했어요 마라맛 강하게 요청하니 추가요금이 있었어요 여러 마라탕집 가봤지만 추가요금은 처음이라 조금 당황했지만 ㅎㅎ 맛있게 먹었어요 꿔바로우는 쏘쏘,"마라탕,마라샹궈"
REV0369,RES0077,USR0050,5점,2.0,2.0,2.0,"매장은 작지만 나름 홀도 있어요
저희는포장해서 노래방가서 먹었어요
따뜻하고 바삭하니 정말맛있었어요","크리스피치킨,새우볼"
REV0370,RES0077,USR0005,5점,2.0,2.0,2.0,간만에 치킨먹고싶어서 매장가서 먹었어요 계속 배달로만 먹다가 직접가서 먹어서 더 맛나게 먹었어요,크리스피치킨
REV0371,RES0078,USR0163,5점,2.0,2.0,2.0,식빵이찰지고 넘  맛있어요 순식간에 다 먹었어요 가격도 착하고 좋습니다,옥수수식빵
REV0372,RES0078,USR0002,4점,2.0,1.0,2.0,새로 다시 생긴 찰찰보리식빵 너무 반가워서 첫날방문. 맛있어요. 근데 크기가 작아졌어요.,"밤식빵,찹쌀쫄깃식빵"
REV0373,RES0079,USR0164,4점,2.0,2.0,1.0,"신대방삼거리 성대시장에 있는 떡볶이 집입니다
맛있고 가성비 있어요",떡튀순
REV0374,RES0079,USR0046,3점,1.0,1.0,2.0,"1인세트(?)처럼 다양하게 먹을 수 있는 메뉴가 있어서ㅜ좋으나
튀김은 너무 바싹 튀겨져 튀김옷이 딱딱해요. 어묵은 덜 불렸고요. 순대도 그냥...떡볶이도 그냥..","떡볶이,순대,튀김,어묵"
REV0375,RES0079,USR0159,3점,1.0,1.0,1.0,"초등학생 시절에 맛있게 먹은 떡볶이가 생각나는 맛
사장님도 친절해요","떡튀순,떡볶이"
REV0376,RES0080,USR0054,5점,2.0,2.0,2.0,수제버거가 엄청 푸짐하고 사이드도 다양해서 골라먹는재미가 있음.,"양념감자(멕시칸칠리),스위트포테이토,코울슬로,(아메리칸치즈) 클래식 치즈 버거,(아메리칸치즈)더블 클래식 치즈 버거"
REV0377,RES0080,USR0165,5점,2.0,2.0,2.0,기본은 사이즈가 좀 작아서 하나로 부족하니까 꼭 빅으로 시켜먹는다,에그베이컨버거
REV0378,RES0081,USR0050,3점,1.0,1.0,1.0,"가게는 작지만 손님들 꽤있었어요
자리서 구워먹는줄 알았는데 주방서 다 익혀나옵니다.
처음엔 먹을만했는데 먹을수록 기름이 많아져 맛이 좀,,,볶음밥이 닭갈비보다 괜찮아유",유가네닭갈비
REV0379,RES0081,USR0165,5점,2.0,2.0,2.0,키오스크로 주문 가능해서 편리하고 매장이 깔끔래서 재방문 의사 있음,유가네닭갈비
REV0380,RES0081,USR0051,3점,1.0,1.0,1.0,"매번 걸때마다 빈자리가 있는데 자리 안치워줘서 대기합니다 정신없는 분위기고 배달,포장이 많아서 홀에 소홀한 느낌","유가네닭갈비,닭야채철판볶음"
REV0381,RES0081,USR0005,3점,1.0,2.0,1.0,"너무너무 느끼해서 먹다 말았어요
기름이 너무 많네요
볶음밥도 느끼했지만 닭갈비보단 먹을만 했어요",콘치즈닭갈비
REV0382,RES0082,USR0050,5점,2.0,2.0,2.0,"매장은 작으나 빵들이 맛있어요
두번째방문에  멤버쉽 가입하고옴 ㅋㅋ",파빵
REV0383,RES0082,USR0005,4점,2.0,2.0,2.0,"빵이 맛나네요
자주 애용할것 같아요
잘 먹었습니다  담에 또 먹어야겠어요","크로와상,소세지빵"
REV0384,RES0082,USR0166,5점,2.0,0.0,2.0,,맘모스
REV0385,RES0083,USR0080,4.5점,2.0,2.0,2.0,깔끔하게 샤브샤브 혼밥할수 있어요. 공간이 아담하지만 맛있음!!,샤브로21 샤브샤브
REV0386,RES0084,USR0005,5점,2.0,2.0,2.0,"할머니께서 운영하시는데 할머니 동생분도 같이 하시더라구요 아들도 같이 하구요
고기에 양념되어있어서  맛나요
상추는 안주시구요 서비스로 김치찌개 나오는데 정말 김찌 맛집이에요
김찌 덕분에 고기가 덜 느끼하고  잘넘어가요","소갈비살,소금구이,껍데기,공기밥"
REV0387,RES0084,USR0050,5점,2.0,1.0,1.0,"이집은 고기보단 김치찌개 먹으러 가는곳이에요
소갈비살 시켯는데 좀 고기에서 
피비린내가 나긴했어요
찌개랑 먹거나 바싹구우면 괜찮긴한데 다음부턴걍 
돼지소금구이 먹으려구요",소갈비살
REV0388,RES0085,USR0005,3점,1.0,2.0,2.0,"닭발 좋아해서.갔봤어요
음 근데 쫌 짜곶그닥 맛은… 
가격은 저렴한 편이고 양은 많아요",A세트
REV0389,RES0086,USR0005,3점,2.0,0.0,2.0,"두쫀쿠 하도 난리라 사봤어요
음 너무너무 비싸긴 해요 다신 그돈주고 안먹을듯하네요
맛은 좋아요",두쫀쿠
REV0390,RES0087,USR0080,5점,2.0,2.0,2.0,볶음밥에 곱창까지 싹싹 먹었어요~~ 늘 정겨운 동대문곱창!!!,"알곱창,곱창볶음"
REV0391,RES0087,USR0110,5점,2.0,2.0,2.0,돼지알곱창 넘 담백하고 맛나요 가성비 술안주 찾는 분들 추천!,알곱창
REV0392,RES0088,USR0086,4점,1.0,2.0,1.0,"시장 입구에 있는 작은 빵집이에요
가격이 너무너무 착해서 많이 사도 메이커 빵집에 서너개 산 가격이라 늘 만족합니다
싸다고 맛없는것도 아니고요 번창하세여","앙금빵,소금빵"
REV0393,RES0089,USR0002,5점,2.0,2.0,2.0,부산식 떡볶이맛집! 떡볶이가 다르네요 감칠맛이 강하달까. 순대맛있고 튀김은 쏘쏘. 매장에서 먹었는데 선풍기바람때문에 음식이 식어서 아쉬웠어요.,장뜰풀세트
REV0394,RES0090,USR0005,5점,2.0,2.0,2.0,"일끝나고 가게 식구들하고 한잔하면서 주문해서 먹었어요
고기가 야들야들 맛나네요",족발
REV0395,RES0091,USR0080,5점,2.0,1.0,1.0,닭발이 맛있고 사장님이 친절하심. 매콤한데 계란죽이랑 먹으면 잘 해소되는 편임,"국물닭발(통뼈),계란죽"
REV0396,RES0092,USR0160,5점,2.0,2.0,2.0,"뭉텅의 주먹구이, 그야말로 신의 한 수입니다. 두툼한 고기가 숯불에 구워져 나올 때부터 이미 비주얼이 남달랐어요. 한입 먹어보니 바삭한 겉면과 촉촉한 속살의 조화가 완벽! 육즙 가득한 삼겹살도 정말 만족스러웠습니다. 반찬들도 깔끔하고, 특히 명이나물과 함께 먹으니 감칠맛이 배가되더군요. 넓은 매장 덕분에 줄 서지 않고 바로 먹을 수 있었던 점도 좋았습니다. 신대방삼거리 고기 맛집으로 추천!","뭉텅 주먹구이 큰접시(700g),두부한모 청국장,뭉텅 시그니처 특밥(2인)"
REV0397,RES0092,USR0151,5점,2.0,2.0,2.0,동네에서 돼지고기 맛집으로 알려져서 가족들이랑 왔는데 분위기가 완전 내스타일!!  고기랑 사이드메뉴까지 너무 완벽했네요^^,"뭉텅 주먹구이 큰접시(700g),뭉텅 시그니처 특밥(2인),두부한모 청국장,뭉텅 국물 비빔 쫄면,매콤 오돌뼈 볶음밥,수제 소세지(150g),시나몬 껍데기(한대접),야채구이,화요"
REV0398,RES0092,USR0075,4.5점,2.0,1.0,2.0,친절하고 맛있어요. 웨이팅 있었지만 기다릴만했어요. 고기 맛있어요.,"오이몽땅국수(비빔국수),뭉텅 육즙 삼겹살(150g),가브리살(150g)/당일 한정판매,두부한모 청국장"
REV0399,RES0092,USR0005,5점,2.0,2.0,2.0,"고기 정말 맛나게 먹었어요 육즙이 살아 있어서 더 맛있었어요 김치도
맛나고 궁채 장아찌도 맛났어요","두부한모 청국장,한정 특수부위(150g),시나몬 껍데기(한대접)"
REV0400,RES0092,USR0149,5점,2.0,2.0,2.0,신대방삼거리역 근처에서 가장 맛있는 고깃집. 가족모임이나 회사모임도 좋을 것같아요,"뭉텅 주먹구이 큰접시(700g),뭉텅 시그니처 특밥(2인),두부한모 청국장"
REV0401,RES0092,USR0080,5점,2.0,2.0,2.0,깔끔하고 첫판 고기는 구워주시는데 육즙이 맛있었어요~~ 담에또오고싶음,뭉텅 주먹구이 한접시(500g)
REV0402,RES0092,USR0167,4점,2.0,1.0,1.0,고기 무난하게 맛있는데 청국장이 진짜 밥도둑입니다. 느끼함 싹 잡아줘요,"뭉텅 육즙 삼겹살(150g),두부한모 청국장"
REV0403,RES0092,USR0004,4.5점,2.0,2.0,2.0,"고기 질이 좋고 파,감자,버섯 같이 구워먹으니까 더 맛있고 좋아요",뭉텅 주먹구이 한접시(500g)
REV0404,RES0092,USR0007,5점,2.0,2.0,2.0,"청국장도 맛나고 고기육즙이 있어 넘 맛있고
깔끔한것이 또 오고싶네요~",뭉텅 주먹구이 한접시(500g)
REV0405,RES0093,USR0004,3점,1.0,1.0,1.0,"낙지정식 먹었는데 그럭저럭 괜찮았던거 같아요~~
한끼먹기 적당해요",낙지볶음
REV0406,RES0093,USR0046,3점,1.0,1.0,1.0,소스는 맛있는데...낙지가 너무 안익어서 흐물하지만 않아요ㅠㅠㅜ,낙지비빔밥
REV0407,RES0094,USR0005,3점,1.0,1.0,2.0,음~~명절 전날 음식하고 지인이 훍염소. 먹자해서 갔는데 첨 먹어봤어요 제  입맛에는 그닥…,흑염소전골
REV0408,RES0094,USR0050,3점,1.0,1.0,2.0,"지인이랑 몸보신시켜준대서 갔는데
호불호가 갈릴듯해요
저는불호","흑염소전골,흑염소수육"
REV0409,RES0095,USR0168,4점,2.0,2.0,2.0,주차4대 가능하나 골목안에 있어서 차로 오기에 접근성은 좋지 않네요 카페안은 넓고 쾌적합니다,"아메리카노,베초생"
REV0410,RES0095,USR0002,5점,2.0,2.0,2.0,생일케이크로 쓸 조각케이크샀어요. 요거트케이크였는데 아주 맛도리더라고요!,조각케이크
REV0411,RES0095,USR0005,5점,2.0,1.0,2.0,"여기 케잌빵은 너무 맛나요
진짜 맘에 드네요
자주 먹을것같아요","바닐라크림쉬폰,쇼콜라"
REV0412,RES0095,USR0050,5점,2.0,2.0,2.0,"매장크고 케익맛집이에요
가격은 좀 부담이지만 맛있어요!","생크림소프트쉬폰,클래식괴토쇼콜라"
REV0413,RES0095,USR0006,3점,1.0,1.0,1.0,신입 직원인지 하나하나 옆에 직원한테 다 물어보면서 결제해주는데..  그냥 옆에와서 좀 도와주면 좋겠다 싶었고 키오스크 있으면 좋겠다 싶었다,아메리카노
REV0414,RES0095,USR0131,3점,1.0,1.0,2.0,매장이 넓은데다가 시장쪽으로 통유리가 되어 있어서 환합니다. 옆사람과 부딪칠 걱정 노노. 직원들도 친절하고 기분좋게 쉬다가 커피마시고 왔어요!,콤부차
REV0415,RES0095,USR0061,3점,1.0,1.0,1.0,딸기라떼 초코쿠키 고구마스틱 맛있네요 ㅎㅎ 잘 먹고 갑니당!,스트로베리 라떼
REV0416,RES0095,USR0169,3점,1.0,1.0,0.0,직원분들은 그닥 친절하지않지만 콘센트 많고 쾌적해서 노트북 작업하기 좋아요~,"카페라떼 R,스트로베리 아이스박스"
REV0417,RES0096,USR0077,5점,2.0,2.0,2.0,저희 동네 명물이에요.. 너무 맛있어요 특히 호떡!!! 꼭 드셔보세요!!,"닭꼬치,흑미호떡,어묵"
REV0418,RES0096,USR0005,5점,2.0,2.0,2.0,"우리동네 오뎅 맛집입니다
오뎅국물이 넘 맛나요
겨울에는 자주갑니다.",오뎅
REV0419,RES0097,USR0086,5점,2.0,2.0,2.0,"노부부가 운영하시는 새로생긴 붕어빵집인데 여기 붕어빵이 공장처럼 기계식으로 만들어져서 그거보는 재미가 쏠쏠합니다
할아버지말론 기계값이 엄청 비싸다던데..
팥도 부드럽고 맛있어요!",팥붕어빵 2개
REV0420,RES0098,USR0170,4점,2.0,1.0,2.0,"캔에 담아주셔서 대중교통 이용하기 편함. 
라떼 4,500원으로 가격은 저렴한 편은 아니지만 나름 맛있었음.",아이스라떼
REV0421,RES0099,USR0080,4점,1.0,1.0,1.0,소곱창 맛있어요~ 손님이 안많아서 간단하게 먹을 수 있었어요 ㅎ,"모듬곱창,김치볶음밥"
